TimeSeries ID,request_latencies.cloud_run_revision.ALIGN_DELTA.REDUCE_PERCENTILE_50.metric.type="run.googleapis.com/request_latencies" resource.type="cloud_run_revision" AND resource.labels."location"="us-central1" AND resource.labels."project_id"="llm-workload-characterization2" AND resource.labels."service_name"="ollama-gemma".project_id:llm-workload-characterization2.service_name:ollama-gemma
project_id,llm-workload-characterization2
service_name,ollama-gemma
Sun May 25 2025 18:22:00 GMT+0300 (GMT+03:00),26438.018769583254
Sun May 25 2025 18:23:00 GMT+0300 (GMT+03:00),65894.7629434487
Sun May 25 2025 18:24:00 GMT+0300 (GMT+03:00),123854.67702113089
Sun May 25 2025 18:25:00 GMT+0300 (GMT+03:00),171876.03729067702
Sun May 25 2025 18:26:00 GMT+0300 (GMT+03:00),187735.7137781662
Sun May 25 2025 18:27:00 GMT+0300 (GMT+03:00),175082.67977744338
Sun May 25 2025 18:28:00 GMT+0300 (GMT+03:00),176273.71841538517
Sun May 25 2025 18:29:00 GMT+0300 (GMT+03:00),184948.44982839454
Sun May 25 2025 18:30:00 GMT+0300 (GMT+03:00),180293.4738184387
Sun May 25 2025 18:31:00 GMT+0300 (GMT+03:00),182228.91160509412
Sun May 25 2025 18:32:00 GMT+0300 (GMT+03:00),188922.548750327
Sun May 25 2025 18:33:00 GMT+0300 (GMT+03:00),177861.7699326409
Sun May 25 2025 18:34:00 GMT+0300 (GMT+03:00),174040.5209692443
Sun May 25 2025 18:35:00 GMT+0300 (GMT+03:00),175082.67977744338
Sun May 25 2025 18:36:00 GMT+0300 (GMT+03:00),170914.0445446471
Sun May 25 2025 18:37:00 GMT+0300 (GMT+03:00),151586.7357380462
Sun May 25 2025 18:38:00 GMT+0300 (GMT+03:00),160429.29532276557
Sun May 25 2025 18:39:00 GMT+0300 (GMT+03:00),179251.31501023966
Sun May 25 2025 18:40:00 GMT+0300 (GMT+03:00),162955.74091839968
Sun May 25 2025 18:41:00 GMT+0300 (GMT+03:00),162197.80723970945
Sun May 25 2025 18:42:00 GMT+0300 (GMT+03:00),163208.3854779631
Sun May 25 2025 18:43:00 GMT+0300 (GMT+03:00),171747.77159120637
Sun May 25 2025 18:44:00 GMT+0300 (GMT+03:00),178417.5879636804
Sun May 25 2025 18:45:00 GMT+0300 (GMT+03:00),185254.14974546627
Sun May 25 2025 18:46:00 GMT+0300 (GMT+03:00),166745.40931185085
Sun May 25 2025 18:47:00 GMT+0300 (GMT+03:00),211850.04253070653
Sun May 25 2025 18:48:00 GMT+0300 (GMT+03:00),217902.90088872673
Sun May 25 2025 18:49:00 GMT+0300 (GMT+03:00),215212.74161849552
Sun May 25 2025 18:50:00 GMT+0300 (GMT+03:00),233035.04678377722
Sun May 25 2025 18:51:00 GMT+0300 (GMT+03:00),233035.04678377722
Sun May 25 2025 18:52:00 GMT+0300 (GMT+03:00),223523.41222117405
Sun May 25 2025 18:53:00 GMT+0300 (GMT+03:00),230260.8200363513
Sun May 25 2025 18:54:00 GMT+0300 (GMT+03:00),252269.68556593027
Sun May 25 2025 18:55:00 GMT+0300 (GMT+03:00),297245.91196632385
Sun May 25 2025 18:56:00 GMT+0300 (GMT+03:00),301729.6568673243
Sun May 25 2025 18:57:00 GMT+0300 (GMT+03:00),310169.6472692075
Sun May 25 2025 19:02:00 GMT+0300 (GMT+03:00),24785.6425964843
Sun May 25 2025 19:03:00 GMT+0300 (GMT+03:00),67501.95228353282
Sun May 25 2025 19:04:00 GMT+0300 (GMT+03:00),129193.24068583481
Sun May 25 2025 19:05:00 GMT+0300 (GMT+03:00),172050.94506268247
Sun May 25 2025 19:06:00 GMT+0300 (GMT+03:00),189533.94858447046
Sun May 25 2025 19:07:00 GMT+0300 (GMT+03:00),189533.94858447046
Sun May 25 2025 19:08:00 GMT+0300 (GMT+03:00),190298.19837714976
Sun May 25 2025 19:09:00 GMT+0300 (GMT+03:00),190298.19837714976
Sun May 25 2025 19:10:00 GMT+0300 (GMT+03:00),170914.0445446471
Sun May 25 2025 19:11:00 GMT+0300 (GMT+03:00),181335.6326266378
Sun May 25 2025 19:12:00 GMT+0300 (GMT+03:00),192590.94775518772
Sun May 25 2025 19:13:00 GMT+0300 (GMT+03:00),180640.8600878384
Sun May 25 2025 19:14:00 GMT+0300 (GMT+03:00),195647.94692590498
Sun May 25 2025 19:15:00 GMT+0300 (GMT+03:00),197176.4465112636
Sun May 25 2025 19:16:00 GMT+0300 (GMT+03:00),204644.25877115867
Sun May 25 2025 19:17:00 GMT+0300 (GMT+03:00),181904.08288565546
Sun May 25 2025 19:18:00 GMT+0300 (GMT+03:00),190474.56371392193
Sun May 25 2025 19:19:00 GMT+0300 (GMT+03:00),183419.9502430359
Sun May 25 2025 19:20:00 GMT+0300 (GMT+03:00),129976.23002332472
Sun May 25 2025 19:21:00 GMT+0300 (GMT+03:00),125278.29399838527
Sun May 25 2025 19:22:00 GMT+0300 (GMT+03:00),112595.16092830081
Sun May 25 2025 19:23:00 GMT+0300 (GMT+03:00),120532.90407420401
Sun May 25 2025 19:24:00 GMT+0300 (GMT+03:00),125278.29399838527
Sun May 25 2025 19:25:00 GMT+0300 (GMT+03:00),248200.81966970558
Sun May 25 2025 19:26:00 GMT+0300 (GMT+03:00),123380.13802871277
Sun May 25 2025 19:27:00 GMT+0300 (GMT+03:00),125278.29399838527
Sun May 25 2025 19:28:00 GMT+0300 (GMT+03:00),153481.56993477177
Sun May 25 2025 19:29:00 GMT+0300 (GMT+03:00),157271.23832822294
Sun May 25 2025 19:30:00 GMT+0300 (GMT+03:00),140102.89212152755
Sun May 25 2025 19:31:00 GMT+0300 (GMT+03:00),150208.67450406397
Sun May 25 2025 19:32:00 GMT+0300 (GMT+03:00),175082.67977744338
Sun May 25 2025 19:33:00 GMT+0300 (GMT+03:00),247183.6031956494
Sun May 25 2025 19:34:00 GMT+0300 (GMT+03:00),221938.13979407353
Sun May 25 2025 19:35:00 GMT+0300 (GMT+03:00),283315.1323541246
Sun May 25 2025 19:36:00 GMT+0300 (GMT+03:00),306141.4700319451
Sun May 25 2025 19:37:00 GMT+0300 (GMT+03:00),310169.6472692075
Sun May 25 2025 19:42:00 GMT+0300 (GMT+03:00),24785.6425964843
Sun May 25 2025 19:43:00 GMT+0300 (GMT+03:00),67501.95228353282
Sun May 25 2025 19:44:00 GMT+0300 (GMT+03:00),125278.29399838527
Sun May 25 2025 19:45:00 GMT+0300 (GMT+03:00),176935.40654757505
Sun May 25 2025 19:46:00 GMT+0300 (GMT+03:00),237473.8095796587
Sun May 25 2025 19:47:00 GMT+0300 (GMT+03:00),309218.7899814417
Sun May 25 2025 19:48:00 GMT+0300 (GMT+03:00),309387.1316028077
Sun May 25 2025 19:49:00 GMT+0300 (GMT+03:00),297040.77331072255
Sun May 25 2025 19:50:00 GMT+0300 (GMT+03:00),286448.1590942176
Sun May 25 2025 19:51:00 GMT+0300 (GMT+03:00),270783.02539375256
Sun May 25 2025 19:52:00 GMT+0300 (GMT+03:00),308631.1073521976
Sun May 25 2025 19:53:00 GMT+0300 (GMT+03:00),309914.9923863921
Sun May 25 2025 19:54:00 GMT+0300 (GMT+03:00),298944.46003470285
Sun May 25 2025 19:55:00 GMT+0300 (GMT+03:00),290923.91158006474
Sun May 25 2025 19:56:00 GMT+0300 (GMT+03:00),289080.9546741277
Sun May 25 2025 19:57:00 GMT+0300 (GMT+03:00),305738.6523082188
Sun May 25 2025 19:58:00 GMT+0300 (GMT+03:00),309925.1111234576
Sun May 25 2025 19:59:00 GMT+0300 (GMT+03:00),307215.6506285484
Sun May 25 2025 20:00:00 GMT+0300 (GMT+03:00),294056.93832015776
Sun May 25 2025 20:01:00 GMT+0300 (GMT+03:00),289202.4683162774
Sun May 25 2025 20:02:00 GMT+0300 (GMT+03:00),291203.6461104302
Sun May 25 2025 20:03:00 GMT+0300 (GMT+03:00),309939.5852255425
Sun May 25 2025 20:04:00 GMT+0300 (GMT+03:00),307155.36498282064
Sun May 25 2025 20:05:00 GMT+0300 (GMT+03:00),302784.6556675597
Sun May 25 2025 20:06:00 GMT+0300 (GMT+03:00),293481.48442912026
Sun May 25 2025 20:07:00 GMT+0300 (GMT+03:00),291819.0620772342
Sun May 25 2025 20:08:00 GMT+0300 (GMT+03:00),309805.5983874361
Sun May 25 2025 20:09:00 GMT+0300 (GMT+03:00),308635.10355977423
Sun May 25 2025 20:10:00 GMT+0300 (GMT+03:00),305554.02751817764
Sun May 25 2025 20:11:00 GMT+0300 (GMT+03:00),303839.6544677951
Sun May 25 2025 20:12:00 GMT+0300 (GMT+03:00),301821.39589343173
Sun May 25 2025 20:13:00 GMT+0300 (GMT+03:00),309816.5799416387
Sun May 25 2025 20:14:00 GMT+0300 (GMT+03:00),309221.1162378032
Sun May 25 2025 20:15:00 GMT+0300 (GMT+03:00),302069.97906094865
Sun May 25 2025 20:16:00 GMT+0300 (GMT+03:00),303839.6544677951
Sun May 25 2025 20:17:00 GMT+0300 (GMT+03:00),310169.6472692075
Sun May 25 2025 20:22:00 GMT+0300 (GMT+03:00),20484.002145854793
Sun May 25 2025 20:23:00 GMT+0300 (GMT+03:00),68305.54695357489
Sun May 25 2025 20:24:00 GMT+0300 (GMT+03:00),125278.29399838527
Sun May 25 2025 20:25:00 GMT+0300 (GMT+03:00),184438.94996660834
Sun May 25 2025 20:26:00 GMT+0300 (GMT+03:00),247793.9330800831
Sun May 25 2025 20:27:00 GMT+0300 (GMT+03:00),309720.8356249085
Sun May 25 2025 20:28:00 GMT+0300 (GMT+03:00),292714.2125744036
Sun May 25 2025 20:29:00 GMT+0300 (GMT+03:00),278813.05191247835
Sun May 25 2025 20:30:00 GMT+0300 (GMT+03:00),273580.37069740705
Sun May 25 2025 20:31:00 GMT+0300 (GMT+03:00),283464.32410365285
Sun May 25 2025 20:32:00 GMT+0300 (GMT+03:00),309491.680827089
Sun May 25 2025 20:33:00 GMT+0300 (GMT+03:00),308155.5586505763
Sun May 25 2025 20:34:00 GMT+0300 (GMT+03:00),298212.99419987295
Sun May 25 2025 20:35:00 GMT+0300 (GMT+03:00),293819.98671796586
Sun May 25 2025 20:36:00 GMT+0300 (GMT+03:00),288686.0353371412
Sun May 25 2025 20:37:00 GMT+0300 (GMT+03:00),309371.2697987591
Sun May 25 2025 20:38:00 GMT+0300 (GMT+03:00),308679.0985055722
Sun May 25 2025 20:39:00 GMT+0300 (GMT+03:00),300716.85801909835
Sun May 25 2025 20:40:00 GMT+0300 (GMT+03:00),286448.1590942176
Sun May 25 2025 20:41:00 GMT+0300 (GMT+03:00),287136.73639973253
Sun May 25 2025 20:42:00 GMT+0300 (GMT+03:00),309359.47941417445
Sun May 25 2025 20:43:00 GMT+0300 (GMT+03:00),309823.47578788025
Sun May 25 2025 20:44:00 GMT+0300 (GMT+03:00),304753.98676133243
Sun May 25 2025 20:45:00 GMT+0300 (GMT+03:00),305092.46554307465
Sun May 25 2025 20:46:00 GMT+0300 (GMT+03:00),291450.4706960468
Sun May 25 2025 20:47:00 GMT+0300 (GMT+03:00),307016.5047876051
Sun May 25 2025 20:48:00 GMT+0300 (GMT+03:00),309824.82275862474
Sun May 25 2025 20:49:00 GMT+0300 (GMT+03:00),307375.3261226381
Sun May 25 2025 20:50:00 GMT+0300 (GMT+03:00),303039.31055037514
Sun May 25 2025 20:51:00 GMT+0300 (GMT+03:00),302489.2560034938
Sun May 25 2025 20:52:00 GMT+0300 (GMT+03:00),296806.3291328924
Sun May 25 2025 20:53:00 GMT+0300 (GMT+03:00),310032.8881654733
Sun May 25 2025 20:54:00 GMT+0300 (GMT+03:00),304522.30075030035
Sun May 25 2025 20:55:00 GMT+0300 (GMT+03:00),304630.90356797166
Sun May 25 2025 20:56:00 GMT+0300 (GMT+03:00),301648.50311346
Sun May 25 2025 20:57:00 GMT+0300 (GMT+03:00),305246.3195347756
Sun May 25 2025 21:02:00 GMT+0300 (GMT+03:00),23659.022478462288
Sun May 25 2025 21:03:00 GMT+0300 (GMT+03:00),62339.465312353546
Sun May 25 2025 21:04:00 GMT+0300 (GMT+03:00),123854.67702113089
Sun May 25 2025 21:05:00 GMT+0300 (GMT+03:00),181567.22347290424
Sun May 25 2025 21:06:00 GMT+0300 (GMT+03:00),239693.1909775994
Sun May 25 2025 21:07:00 GMT+0300 (GMT+03:00),308915.5920915692
Sun May 25 2025 21:08:00 GMT+0300 (GMT+03:00),310169.6472692075
Sun May 25 2025 21:09:00 GMT+0300 (GMT+03:00),308342.43285230495
Sun May 25 2025 21:10:00 GMT+0300 (GMT+03:00),289525.2389282375
Sun May 25 2025 21:11:00 GMT+0300 (GMT+03:00),283552.0839563165
Sun May 25 2025 21:12:00 GMT+0300 (GMT+03:00),308170.70217402466
Sun May 25 2025 21:13:00 GMT+0300 (GMT+03:00),310169.6472692075
Sun May 25 2025 21:14:00 GMT+0300 (GMT+03:00),309516.83033204527
Sun May 25 2025 21:15:00 GMT+0300 (GMT+03:00),294504.5135687425
Sun May 25 2025 21:16:00 GMT+0300 (GMT+03:00),286671.94671850995
Sun May 25 2025 21:17:00 GMT+0300 (GMT+03:00),305432.10548701836
Sun May 25 2025 21:18:00 GMT+0300 (GMT+03:00),310169.6472692075
Sun May 25 2025 21:19:00 GMT+0300 (GMT+03:00),309909.61235365656
Sun May 25 2025 21:20:00 GMT+0300 (GMT+03:00),304567.2398472678
Sun May 25 2025 21:21:00 GMT+0300 (GMT+03:00),299427.8413031743
Sun May 25 2025 21:22:00 GMT+0300 (GMT+03:00),298212.99419987295
Sun May 25 2025 21:23:00 GMT+0300 (GMT+03:00),310078.2865483624
Sun May 25 2025 21:24:00 GMT+0300 (GMT+03:00),310093.11885882774
Sun May 25 2025 21:25:00 GMT+0300 (GMT+03:00),305656.5968459783
Sun May 25 2025 21:26:00 GMT+0300 (GMT+03:00),300537.04952792777
Sun May 25 2025 21:27:00 GMT+0300 (GMT+03:00),299894.8763451758
Sun May 25 2025 21:28:00 GMT+0300 (GMT+03:00),310012.1007817057
Sun May 25 2025 21:29:00 GMT+0300 (GMT+03:00),310169.6472692075
Sun May 25 2025 21:30:00 GMT+0300 (GMT+03:00),308446.48256215634
Sun May 25 2025 21:31:00 GMT+0300 (GMT+03:00),303920.8082216594
Sun May 25 2025 21:32:00 GMT+0300 (GMT+03:00),304057.93008163694
Sun May 25 2025 21:33:00 GMT+0300 (GMT+03:00),309628.6222434458
Sun May 25 2025 21:34:00 GMT+0300 (GMT+03:00),310169.6472692075
Sun May 25 2025 21:35:00 GMT+0300 (GMT+03:00),309206.38749507954
Sun May 25 2025 21:36:00 GMT+0300 (GMT+03:00),299252.7031624238
Sun May 25 2025 21:37:00 GMT+0300 (GMT+03:00),302784.6556675597
Sun May 25 2025 21:42:00 GMT+0300 (GMT+03:00),21508.202253147534
Sun May 25 2025 21:43:00 GMT+0300 (GMT+03:00),65894.7629434487
Sun May 25 2025 21:44:00 GMT+0300 (GMT+03:00),126531.07693836912
Sun May 25 2025 21:45:00 GMT+0300 (GMT+03:00),184566.32493205488
Sun May 25 2025 21:46:00 GMT+0300 (GMT+03:00),242282.46927519696
Sun May 25 2025 21:47:00 GMT+0300 (GMT+03:00),309913.7317186554
Sun May 25 2025 21:48:00 GMT+0300 (GMT+03:00),305715.2078904358
Sun May 25 2025 21:49:00 GMT+0300 (GMT+03:00),290235.3342745498
Sun May 25 2025 21:50:00 GMT+0300 (GMT+03:00),279095.137153183
Sun May 25 2025 21:51:00 GMT+0300 (GMT+03:00),281972.4066083705
Sun May 25 2025 21:52:00 GMT+0300 (GMT+03:00),309921.97986793274
Sun May 25 2025 21:53:00 GMT+0300 (GMT+03:00),309695.3817535054
Sun May 25 2025 21:54:00 GMT+0300 (GMT+03:00),299252.7031624238
Sun May 25 2025 21:55:00 GMT+0300 (GMT+03:00),298756.4784302973
Sun May 25 2025 21:56:00 GMT+0300 (GMT+03:00),285808.7658819537
Sun May 25 2025 21:57:00 GMT+0300 (GMT+03:00),309918.4570786753
Sun May 25 2025 21:58:00 GMT+0300 (GMT+03:00),309957.1295252752
Sun May 25 2025 21:59:00 GMT+0300 (GMT+03:00),305949.6520682659
Sun May 25 2025 22:00:00 GMT+0300 (GMT+03:00),299894.8763451758
Sun May 25 2025 22:01:00 GMT+0300 (GMT+03:00),304452.2344163189
Sun May 25 2025 22:02:00 GMT+0300 (GMT+03:00),309670.1792381782
Sun May 25 2025 22:03:00 GMT+0300 (GMT+03:00),310034.4529149439
Sun May 25 2025 22:04:00 GMT+0300 (GMT+03:00),304798.74428619095
Sun May 25 2025 22:05:00 GMT+0300 (GMT+03:00),306141.4700319451
Sun May 25 2025 22:06:00 GMT+0300 (GMT+03:00),301307.6573472301
Sun May 25 2025 22:07:00 GMT+0300 (GMT+03:00),307593.48740816757
Sun May 25 2025 22:08:00 GMT+0300 (GMT+03:00),310150.21308078215
Sun May 25 2025 22:09:00 GMT+0300 (GMT+03:00),308885.30090370355
Sun May 25 2025 22:10:00 GMT+0300 (GMT+03:00),307837.5446581608
Sun May 25 2025 22:11:00 GMT+0300 (GMT+03:00),301202.1574672066
Sun May 25 2025 22:12:00 GMT+0300 (GMT+03:00),296138.1632260767
Sun May 25 2025 22:13:00 GMT+0300 (GMT+03:00),310133.1330956518
Sun May 25 2025 22:14:00 GMT+0300 (GMT+03:00),307897.3421610082
Sun May 25 2025 22:15:00 GMT+0300 (GMT+03:00),307060.1771211453
Sun May 25 2025 22:16:00 GMT+0300 (GMT+03:00),307060.1771211453
Sun May 25 2025 22:17:00 GMT+0300 (GMT+03:00),309114.6484689721
Sun May 25 2025 22:22:00 GMT+0300 (GMT+03:00),22532.402360440276
Sun May 25 2025 22:23:00 GMT+0300 (GMT+03:00),58443.24873033144
Sun May 25 2025 22:24:00 GMT+0300 (GMT+03:00),120295.63457799495
Sun May 25 2025 22:25:00 GMT+0300 (GMT+03:00),174156.31639237754
Sun May 25 2025 22:26:00 GMT+0300 (GMT+03:00),236734.0157803451
Sun May 25 2025 22:27:00 GMT+0300 (GMT+03:00),308668.9537886588
Sun May 25 2025 22:28:00 GMT+0300 (GMT+03:00),310169.6472692075
Sun May 25 2025 22:29:00 GMT+0300 (GMT+03:00),310169.6472692075
Sun May 25 2025 22:30:00 GMT+0300 (GMT+03:00),307036.6205291145
Sun May 25 2025 22:31:00 GMT+0300 (GMT+03:00),287343.30959138705
Sun May 25 2025 22:32:00 GMT+0300 (GMT+03:00),307471.2849532208
Sun May 25 2025 22:33:00 GMT+0300 (GMT+03:00),310169.6472692075
Sun May 25 2025 22:34:00 GMT+0300 (GMT+03:00),310169.6472692075
Sun May 25 2025 22:35:00 GMT+0300 (GMT+03:00),308848.7544624087
Sun May 25 2025 22:36:00 GMT+0300 (GMT+03:00),296806.3291328924
Sun May 25 2025 22:37:00 GMT+0300 (GMT+03:00),303950.706973083
Sun May 25 2025 22:38:00 GMT+0300 (GMT+03:00),310142.5960179194
Sun May 25 2025 22:39:00 GMT+0300 (GMT+03:00),310169.6472692075
Sun May 25 2025 22:40:00 GMT+0300 (GMT+03:00),310104.5812639067
Sun May 25 2025 22:41:00 GMT+0300 (GMT+03:00),302511.13746009127
Sun May 25 2025 22:42:00 GMT+0300 (GMT+03:00),286620.30342059635
Sun May 25 2025 22:43:00 GMT+0300 (GMT+03:00),310008.4029110929
Sun May 25 2025 22:44:00 GMT+0300 (GMT+03:00),310169.6472692075
Sun May 25 2025 22:45:00 GMT+0300 (GMT+03:00),310169.6472692075
Sun May 25 2025 22:46:00 GMT+0300 (GMT+03:00),306576.9486521897
Sun May 25 2025 22:47:00 GMT+0300 (GMT+03:00),303352.73194460955
Sun May 25 2025 22:48:00 GMT+0300 (GMT+03:00),309918.5993960637
Sun May 25 2025 22:49:00 GMT+0300 (GMT+03:00),310169.6472692075
Sun May 25 2025 22:50:00 GMT+0300 (GMT+03:00),310134.73005123285
Sun May 25 2025 22:51:00 GMT+0300 (GMT+03:00),306784.8594517856
Sun May 25 2025 22:52:00 GMT+0300 (GMT+03:00),302784.6556675597
Sun May 25 2025 22:53:00 GMT+0300 (GMT+03:00),309478.2863533086
Sun May 25 2025 22:54:00 GMT+0300 (GMT+03:00),310169.6472692075
Sun May 25 2025 22:55:00 GMT+0300 (GMT+03:00),310169.6472692075
Sun May 25 2025 22:56:00 GMT+0300 (GMT+03:00),308921.4796745628
Sun May 25 2025 22:57:00 GMT+0300 (GMT+03:00),307707.9834019916
Sun May 25 2025 23:02:00 GMT+0300 (GMT+03:00),21508.202253147534
Sun May 25 2025 23:03:00 GMT+0300 (GMT+03:00),62826.49238510631
Sun May 25 2025 23:04:00 GMT+0300 (GMT+03:00),120532.90407420401
Sun May 25 2025 23:05:00 GMT+0300 (GMT+03:00),176935.40654757505
Sun May 25 2025 23:06:00 GMT+0300 (GMT+03:00),240432.984776913
Sun May 25 2025 23:07:00 GMT+0300 (GMT+03:00),309974.62108254427
Sun May 25 2025 23:08:00 GMT+0300 (GMT+03:00),309440.26538262505
Sun May 25 2025 23:09:00 GMT+0300 (GMT+03:00),297615.1615464062
Sun May 25 2025 23:10:00 GMT+0300 (GMT+03:00),286711.4386522086
Sun May 25 2025 23:11:00 GMT+0300 (GMT+03:00),287136.73639973253
Sun May 25 2025 23:12:00 GMT+0300 (GMT+03:00),309968.58990623074
Sun May 25 2025 23:13:00 GMT+0300 (GMT+03:00),309959.6475080232
Sun May 25 2025 23:14:00 GMT+0300 (GMT+03:00),293907.74657062953
Sun May 25 2025 23:15:00 GMT+0300 (GMT+03:00),284657.85809987877
Sun May 25 2025 23:16:00 GMT+0300 (GMT+03:00),284210.28285129403
Sun May 25 2025 23:17:00 GMT+0300 (GMT+03:00),309868.21904056886
Sun May 25 2025 23:18:00 GMT+0300 (GMT+03:00),310093.77406782075
Sun May 25 2025 23:19:00 GMT+0300 (GMT+03:00),304169.3415928687
Sun May 25 2025 23:20:00 GMT+0300 (GMT+03:00),295399.6640659119
Sun May 25 2025 23:21:00 GMT+0300 (GMT+03:00),287007.62815494847
Sun May 25 2025 23:22:00 GMT+0300 (GMT+03:00),309363.240140292
Sun May 25 2025 23:23:00 GMT+0300 (GMT+03:00),310140.1368132569
Sun May 25 2025 23:24:00 GMT+0300 (GMT+03:00),306846.401048466
Sun May 25 2025 23:25:00 GMT+0300 (GMT+03:00),305881.58762954106
Sun May 25 2025 23:26:00 GMT+0300 (GMT+03:00),299427.8413031743
Sun May 25 2025 23:27:00 GMT+0300 (GMT+03:00),303685.26439946797
Sun May 25 2025 23:28:00 GMT+0300 (GMT+03:00),310123.7421155065
Sun May 25 2025 23:29:00 GMT+0300 (GMT+03:00),309216.7451270594
Sun May 25 2025 23:30:00 GMT+0300 (GMT+03:00),304630.90356797166
Sun May 25 2025 23:31:00 GMT+0300 (GMT+03:00),303839.6544677951
Sun May 25 2025 23:32:00 GMT+0300 (GMT+03:00),300322.9918003438
Sun May 25 2025 23:33:00 GMT+0300 (GMT+03:00),310134.480642533
Sun May 25 2025 23:34:00 GMT+0300 (GMT+03:00),310030.3078050255
Sun May 25 2025 23:35:00 GMT+0300 (GMT+03:00),306976.1373874139
Sun May 25 2025 23:36:00 GMT+0300 (GMT+03:00),304928.68548739294
Sun May 25 2025 23:37:00 GMT+0300 (GMT+03:00),308059.64966873673
Sun May 25 2025 23:42:00 GMT+0300 (GMT+03:00),18932.18380147185
Sun May 25 2025 23:43:00 GMT+0300 (GMT+03:00),56925.24226980335
Sun May 25 2025 23:44:00 GMT+0300 (GMT+03:00),117685.67011969525
Sun May 25 2025 23:45:00 GMT+0300 (GMT+03:00),167787.56812004992
Sun May 25 2025 23:46:00 GMT+0300 (GMT+03:00),228596.28398789573
Sun May 25 2025 23:47:00 GMT+0300 (GMT+03:00),307949.32299681666
Sun May 25 2025 23:48:00 GMT+0300 (GMT+03:00),310169.6472692075
Sun May 25 2025 23:49:00 GMT+0300 (GMT+03:00),310169.6472692075
Sun May 25 2025 23:50:00 GMT+0300 (GMT+03:00),310141.07863631914
Sun May 25 2025 23:51:00 GMT+0300 (GMT+03:00),306193.1133298587
Sun May 25 2025 23:52:00 GMT+0300 (GMT+03:00),307421.7434174316
Sun May 25 2025 23:53:00 GMT+0300 (GMT+03:00),310169.6472692075
Sun May 25 2025 23:54:00 GMT+0300 (GMT+03:00),310169.6472692075
Sun May 25 2025 23:55:00 GMT+0300 (GMT+03:00),310169.6472692075
Sun May 25 2025 23:56:00 GMT+0300 (GMT+03:00),308856.759873359
Sun May 25 2025 23:57:00 GMT+0300 (GMT+03:00),304452.2344163189
Sun May 25 2025 23:58:00 GMT+0300 (GMT+03:00),310141.9362313026
Sun May 25 2025 23:59:00 GMT+0300 (GMT+03:00),310169.6472692075
Mon May 26 2025 00:00:00 GMT+0300 (GMT+03:00),310169.6472692075
Mon May 26 2025 00:01:00 GMT+0300 (GMT+03:00),309699.2656385293
Mon May 26 2025 00:02:00 GMT+0300 (GMT+03:00),295399.6640659119
Mon May 26 2025 00:03:00 GMT+0300 (GMT+03:00),310034.4529149439
Mon May 26 2025 00:04:00 GMT+0300 (GMT+03:00),310169.6472692075
Mon May 26 2025 00:05:00 GMT+0300 (GMT+03:00),310169.6472692075
Mon May 26 2025 00:06:00 GMT+0300 (GMT+03:00),309997.9032784715
Mon May 26 2025 00:07:00 GMT+0300 (GMT+03:00),303246.2176426627
Mon May 26 2025 00:08:00 GMT+0300 (GMT+03:00),309736.65101894806
Mon May 26 2025 00:09:00 GMT+0300 (GMT+03:00),310169.6472692075
Mon May 26 2025 00:10:00 GMT+0300 (GMT+03:00),310169.6472692075
Mon May 26 2025 00:11:00 GMT+0300 (GMT+03:00),310169.6472692075
Mon May 26 2025 00:12:00 GMT+0300 (GMT+03:00),306382.4720888753
Mon May 26 2025 00:13:00 GMT+0300 (GMT+03:00),309681.9591445704
Mon May 26 2025 00:14:00 GMT+0300 (GMT+03:00),310169.6472692075
Mon May 26 2025 00:15:00 GMT+0300 (GMT+03:00),310169.6472692075
Mon May 26 2025 00:16:00 GMT+0300 (GMT+03:00),310103.8566981461
Mon May 26 2025 00:17:00 GMT+0300 (GMT+03:00),309300.8247278372
Mon May 26 2025 00:22:00 GMT+0300 (GMT+03:00),20484.002145854793
Mon May 26 2025 00:23:00 GMT+0300 (GMT+03:00),58443.24873033144
Mon May 26 2025 00:24:00 GMT+0300 (GMT+03:00),117143.33984264596
Mon May 26 2025 00:25:00 GMT+0300 (GMT+03:00),178788.13331770673
Mon May 26 2025 00:26:00 GMT+0300 (GMT+03:00),235809.27353120313
Mon May 26 2025 00:27:00 GMT+0300 (GMT+03:00),310000.7831319747
Mon May 26 2025 00:28:00 GMT+0300 (GMT+03:00),310014.4460446545
Mon May 26 2025 00:29:00 GMT+0300 (GMT+03:00),291669.8703277059
Mon May 26 2025 00:30:00 GMT+0300 (GMT+03:00),289645.125155537
Mon May 26 2025 00:31:00 GMT+0300 (GMT+03:00),291737.6847593097
Mon May 26 2025 00:32:00 GMT+0300 (GMT+03:00),309959.24864807795
Mon May 26 2025 00:33:00 GMT+0300 (GMT+03:00),310097.4224124677
Mon May 26 2025 00:34:00 GMT+0300 (GMT+03:00),301307.6573472301
Mon May 26 2025 00:35:00 GMT+0300 (GMT+03:00),288332.68645667954
Mon May 26 2025 00:36:00 GMT+0300 (GMT+03:00),293907.74657062953
Mon May 26 2025 00:37:00 GMT+0300 (GMT+03:00),309927.91268322885
Mon May 26 2025 00:38:00 GMT+0300 (GMT+03:00),310146.12818767363
Mon May 26 2025 00:39:00 GMT+0300 (GMT+03:00),307215.6506285484
Mon May 26 2025 00:40:00 GMT+0300 (GMT+03:00),297509.6616663827
Mon May 26 2025 00:41:00 GMT+0300 (GMT+03:00),289296.3652215749
Mon May 26 2025 00:42:00 GMT+0300 (GMT+03:00),308229.0655344679
Mon May 26 2025 00:43:00 GMT+0300 (GMT+03:00),310160.8451338063
Mon May 26 2025 00:44:00 GMT+0300 (GMT+03:00),309018.7394871325
Mon May 26 2025 00:45:00 GMT+0300 (GMT+03:00),302784.6556675597
Mon May 26 2025 00:46:00 GMT+0300 (GMT+03:00),295399.6640659119
Mon May 26 2025 00:47:00 GMT+0300 (GMT+03:00),293907.74657062953
Mon May 26 2025 00:48:00 GMT+0300 (GMT+03:00),310152.6507407802
Mon May 26 2025 00:49:00 GMT+0300 (GMT+03:00),309725.43724805576
Mon May 26 2025 00:50:00 GMT+0300 (GMT+03:00),302292.3228941165
Mon May 26 2025 00:51:00 GMT+0300 (GMT+03:00),299252.7031624238
Mon May 26 2025 00:52:00 GMT+0300 (GMT+03:00),292842.0912168564
Mon May 26 2025 00:53:00 GMT+0300 (GMT+03:00),310123.02484747994
Mon May 26 2025 00:54:00 GMT+0300 (GMT+03:00),309900.1220282715
Mon May 26 2025 00:55:00 GMT+0300 (GMT+03:00),308491.24008701486
Mon May 26 2025 00:56:00 GMT+0300 (GMT+03:00),307128.7683744114
Mon May 26 2025 00:57:00 GMT+0300 (GMT+03:00),309431.1481090427