TimeSeries ID,container/network/sent_bytes_count.cloud_run_revision.ALIGN_RATE.REDUCE_NONE.metric.type="run.googleapis.com/container/network/sent_bytes_count" resource.type="cloud_run_revision" AND resource.labels."location"="us-central1" AND resource.labels."project_id"="llm-workload-characterization" AND resource.labels."service_name"="ollama-deepseek".+60s.configuration_name:ollama-deepseek.location:us-central1.project_id:llm-workload-characterization.revision_name:ollama-deepseek-00003-jf5.service_name:ollama-deepseek.kind:google,container/network/sent_bytes_count.cloud_run_revision.ALIGN_RATE.REDUCE_NONE.metric.type="run.googleapis.com/container/network/sent_bytes_count" resource.type="cloud_run_revision" AND resource.labels."location"="us-central1" AND resource.labels."project_id"="llm-workload-characterization" AND resource.labels."service_name"="ollama-deepseek".+60s.configuration_name:ollama-deepseek.location:us-central1.project_id:llm-workload-characterization.revision_name:ollama-deepseek-00003-jf5.service_name:ollama-deepseek.kind:internet,container/network/sent_bytes_count.cloud_run_revision.ALIGN_RATE.REDUCE_NONE.metric.type="run.googleapis.com/container/network/sent_bytes_count" resource.type="cloud_run_revision" AND resource.labels."location"="us-central1" AND resource.labels."project_id"="llm-workload-characterization" AND resource.labels."service_name"="ollama-deepseek".+60s.configuration_name:ollama-deepseek.location:us-central1.project_id:llm-workload-characterization.revision_name:ollama-deepseek-00003-jf5.service_name:ollama-deepseek.kind:private
kind,google,internet,private
configuration_name,ollama-deepseek,ollama-deepseek,ollama-deepseek
project_id,llm-workload-characterization,llm-workload-characterization,llm-workload-characterization
location,us-central1,us-central1,us-central1
revision_name,ollama-deepseek-00003-jf5,ollama-deepseek-00003-jf5,ollama-deepseek-00003-jf5
service_name,ollama-deepseek,ollama-deepseek,ollama-deepseek
Fri May 23 2025 03:30:00 GMT+0300 (GMT+03:00),0,0,0
Fri May 23 2025 03:31:00 GMT+0300 (GMT+03:00),0,0,0
Fri May 23 2025 03:32:00 GMT+0300 (GMT+03:00),0,10018.883333333333,0
Fri May 23 2025 03:33:00 GMT+0300 (GMT+03:00),0,40595.75,0
Fri May 23 2025 03:34:00 GMT+0300 (GMT+03:00),0,50090.25,0
Fri May 23 2025 03:35:00 GMT+0300 (GMT+03:00),0,50351.9,0
Fri May 23 2025 03:36:00 GMT+0300 (GMT+03:00),0,51170.53333333333,0
Fri May 23 2025 03:37:00 GMT+0300 (GMT+03:00),0,52100.166666666664,0
Fri May 23 2025 03:38:00 GMT+0300 (GMT+03:00),0,49841.88333333333,0
Fri May 23 2025 03:39:00 GMT+0300 (GMT+03:00),0,50932.85,0
Fri May 23 2025 03:40:00 GMT+0300 (GMT+03:00),0,50687.15,0
Fri May 23 2025 03:41:00 GMT+0300 (GMT+03:00),0,51622.433333333334,0
Fri May 23 2025 03:42:00 GMT+0300 (GMT+03:00),0,50052.45,0
Fri May 23 2025 03:43:00 GMT+0300 (GMT+03:00),0,43169.05,0
Fri May 23 2025 03:44:00 GMT+0300 (GMT+03:00),0,50250.36666666667,0
Fri May 23 2025 03:45:00 GMT+0300 (GMT+03:00),0,51592.916666666664,0
Fri May 23 2025 03:46:00 GMT+0300 (GMT+03:00),0,49501.583333333336,0
Fri May 23 2025 03:47:00 GMT+0300 (GMT+03:00),0,50187.76666666667,0
Fri May 23 2025 03:48:00 GMT+0300 (GMT+03:00),0,50271.05,0
Fri May 23 2025 03:49:00 GMT+0300 (GMT+03:00),0,50481.316666666666,0
Fri May 23 2025 03:50:00 GMT+0300 (GMT+03:00),0,52982.816666666666,0
Fri May 23 2025 03:51:00 GMT+0300 (GMT+03:00),0,49294.23333333333,0
Fri May 23 2025 03:52:00 GMT+0300 (GMT+03:00),0,51351.183333333334,0
Fri May 23 2025 03:53:00 GMT+0300 (GMT+03:00),0,48588.78333333333,0
Fri May 23 2025 03:54:00 GMT+0300 (GMT+03:00),0,47276.01666666667,0
Fri May 23 2025 03:55:00 GMT+0300 (GMT+03:00),0,44701.433333333334,0
Fri May 23 2025 03:56:00 GMT+0300 (GMT+03:00),0,46481.61666666667,0
Fri May 23 2025 03:57:00 GMT+0300 (GMT+03:00),0,47484.85,0
Fri May 23 2025 03:58:00 GMT+0300 (GMT+03:00),0,50183.4,0
Fri May 23 2025 03:59:00 GMT+0300 (GMT+03:00),0,47223.28333333333,0
Fri May 23 2025 04:00:00 GMT+0300 (GMT+03:00),0,50768.21666666667,0
Fri May 23 2025 04:01:00 GMT+0300 (GMT+03:00),0,48331.683333333334,0
Fri May 23 2025 04:02:00 GMT+0300 (GMT+03:00),0,52132.316666666666,0
Fri May 23 2025 04:03:00 GMT+0300 (GMT+03:00),0,41426.35,0
Fri May 23 2025 04:04:00 GMT+0300 (GMT+03:00),0,8818.483333333334,0
Fri May 23 2025 04:05:00 GMT+0300 (GMT+03:00),0,0,0
Fri May 23 2025 04:06:00 GMT+0300 (GMT+03:00),0,0,0
Fri May 23 2025 04:07:00 GMT+0300 (GMT+03:00),0,0,0
Fri May 23 2025 04:08:00 GMT+0300 (GMT+03:00),0,0,0
Fri May 23 2025 04:09:00 GMT+0300 (GMT+03:00),0,0,0
Fri May 23 2025 04:10:00 GMT+0300 (GMT+03:00),0,0,0
Fri May 23 2025 04:11:00 GMT+0300 (GMT+03:00),0,0,0
Fri May 23 2025 04:12:00 GMT+0300 (GMT+03:00),0,9894.666666666666,0
Fri May 23 2025 04:13:00 GMT+0300 (GMT+03:00),0,47071.183333333334,0
Fri May 23 2025 04:14:00 GMT+0300 (GMT+03:00),0,51274.13333333333,0
Fri May 23 2025 04:15:00 GMT+0300 (GMT+03:00),0,49983.916666666664,0
Fri May 23 2025 04:16:00 GMT+0300 (GMT+03:00),0,51645.03333333333,0
Fri May 23 2025 04:17:00 GMT+0300 (GMT+03:00),0,51514.8,0
Fri May 23 2025 04:18:00 GMT+0300 (GMT+03:00),0,48274,0
Fri May 23 2025 04:19:00 GMT+0300 (GMT+03:00),0,51487.25,0
Fri May 23 2025 04:20:00 GMT+0300 (GMT+03:00),0,51782.36666666667,0
Fri May 23 2025 04:21:00 GMT+0300 (GMT+03:00),0,49914.48333333333,0
Fri May 23 2025 04:22:00 GMT+0300 (GMT+03:00),0,47979,0
Fri May 23 2025 04:23:00 GMT+0300 (GMT+03:00),0,49372.98333333333,0
Fri May 23 2025 04:24:00 GMT+0300 (GMT+03:00),0,44633.15,0
Fri May 23 2025 04:25:00 GMT+0300 (GMT+03:00),0,50334.583333333336,0
Fri May 23 2025 04:26:00 GMT+0300 (GMT+03:00),0,49570.86666666667,0
Fri May 23 2025 04:27:00 GMT+0300 (GMT+03:00),0,51060.85,0
Fri May 23 2025 04:28:00 GMT+0300 (GMT+03:00),0,52624.85,0
Fri May 23 2025 04:29:00 GMT+0300 (GMT+03:00),0,50483.35,0
Fri May 23 2025 04:30:00 GMT+0300 (GMT+03:00),0,44126.583333333336,0
Fri May 23 2025 04:31:00 GMT+0300 (GMT+03:00),0,44990.46666666667,0
Fri May 23 2025 04:32:00 GMT+0300 (GMT+03:00),0,50620.03333333333,0
Fri May 23 2025 04:33:00 GMT+0300 (GMT+03:00),0,50689.53333333333,0
Fri May 23 2025 04:34:00 GMT+0300 (GMT+03:00),0,51185.85,0
Fri May 23 2025 04:35:00 GMT+0300 (GMT+03:00),0,38685.45,0
Fri May 23 2025 04:36:00 GMT+0300 (GMT+03:00),0,50571.166666666664,0
Fri May 23 2025 04:37:00 GMT+0300 (GMT+03:00),0,49906.63333333333,0
Fri May 23 2025 04:38:00 GMT+0300 (GMT+03:00),0,52287.23333333333,0
Fri May 23 2025 04:39:00 GMT+0300 (GMT+03:00),0,50250.566666666666,0
Fri May 23 2025 04:40:00 GMT+0300 (GMT+03:00),0,50533.48333333333,0
Fri May 23 2025 04:41:00 GMT+0300 (GMT+03:00),0,48750.61666666667,0
Fri May 23 2025 04:42:00 GMT+0300 (GMT+03:00),0,52097.01666666667,0
Fri May 23 2025 04:43:00 GMT+0300 (GMT+03:00),0,41671.316666666666,0
Fri May 23 2025 04:44:00 GMT+0300 (GMT+03:00),0,15633.216666666667,0
Fri May 23 2025 04:45:00 GMT+0300 (GMT+03:00),0,433.93333333333334,0
Fri May 23 2025 04:46:00 GMT+0300 (GMT+03:00),0,0,0
Fri May 23 2025 04:47:00 GMT+0300 (GMT+03:00),0,0,0
Fri May 23 2025 04:48:00 GMT+0300 (GMT+03:00),0,0,0
Fri May 23 2025 04:49:00 GMT+0300 (GMT+03:00),0,0,0
Fri May 23 2025 04:50:00 GMT+0300 (GMT+03:00),0,0,0
Fri May 23 2025 04:51:00 GMT+0300 (GMT+03:00),0,0,0
Fri May 23 2025 04:52:00 GMT+0300 (GMT+03:00),0,8746.533333333333,0
Fri May 23 2025 04:53:00 GMT+0300 (GMT+03:00),0,40990.38333333333,0
Fri May 23 2025 04:54:00 GMT+0300 (GMT+03:00),0,51754.566666666666,0
Fri May 23 2025 04:55:00 GMT+0300 (GMT+03:00),0,51263.01666666667,0
Fri May 23 2025 04:56:00 GMT+0300 (GMT+03:00),0,49752.36666666667,0
Fri May 23 2025 04:57:00 GMT+0300 (GMT+03:00),0,48659.05,0
Fri May 23 2025 04:58:00 GMT+0300 (GMT+03:00),0,53477.066666666666,0
Fri May 23 2025 04:59:00 GMT+0300 (GMT+03:00),0,50163.683333333334,0
Fri May 23 2025 05:00:00 GMT+0300 (GMT+03:00),0,51037.88333333333,0
Fri May 23 2025 05:01:00 GMT+0300 (GMT+03:00),0,50469.73333333333,0
Fri May 23 2025 05:02:00 GMT+0300 (GMT+03:00),0,43326.11666666667,0
Fri May 23 2025 05:03:00 GMT+0300 (GMT+03:00),0,52335.36666666667,0
Fri May 23 2025 05:04:00 GMT+0300 (GMT+03:00),0,50791.7,0
Fri May 23 2025 05:05:00 GMT+0300 (GMT+03:00),0,50947.76666666667,0
Fri May 23 2025 05:06:00 GMT+0300 (GMT+03:00),0,50923.01666666667,0
Fri May 23 2025 05:07:00 GMT+0300 (GMT+03:00),0,52106.6,0
Fri May 23 2025 05:08:00 GMT+0300 (GMT+03:00),0,49666.53333333333,0
Fri May 23 2025 05:09:00 GMT+0300 (GMT+03:00),0,51177.76666666667,0
Fri May 23 2025 05:10:00 GMT+0300 (GMT+03:00),0,52484.85,0
Fri May 23 2025 05:11:00 GMT+0300 (GMT+03:00),0,49735.13333333333,0
Fri May 23 2025 05:12:00 GMT+0300 (GMT+03:00),0,50907.86666666667,0
Fri May 23 2025 05:13:00 GMT+0300 (GMT+03:00),0,52137.01666666667,0
Fri May 23 2025 05:14:00 GMT+0300 (GMT+03:00),0,52324.26666666667,0
Fri May 23 2025 05:15:00 GMT+0300 (GMT+03:00),0,52242.85,0
Fri May 23 2025 05:16:00 GMT+0300 (GMT+03:00),0,49961.85,0
Fri May 23 2025 05:17:00 GMT+0300 (GMT+03:00),0,51890.066666666666,0
Fri May 23 2025 05:18:00 GMT+0300 (GMT+03:00),0,49733.433333333334,0
Fri May 23 2025 05:19:00 GMT+0300 (GMT+03:00),0,52753.63333333333,0
Fri May 23 2025 05:20:00 GMT+0300 (GMT+03:00),0,52167.2,0
Fri May 23 2025 05:21:00 GMT+0300 (GMT+03:00),0,50878.01666666667,0
Fri May 23 2025 05:22:00 GMT+0300 (GMT+03:00),0,51210.78333333333,0
Fri May 23 2025 05:23:00 GMT+0300 (GMT+03:00),0,50871.11666666667,0
Fri May 23 2025 05:24:00 GMT+0300 (GMT+03:00),0,52072.15,0
Fri May 23 2025 05:25:00 GMT+0300 (GMT+03:00),0,51371.666666666664,0
Fri May 23 2025 05:26:00 GMT+0300 (GMT+03:00),0,50771.333333333336,0
Fri May 23 2025 05:27:00 GMT+0300 (GMT+03:00),0,35875.816666666666,0
Fri May 23 2025 05:28:00 GMT+0300 (GMT+03:00),0,2029.2333333333333,0
Fri May 23 2025 05:29:00 GMT+0300 (GMT+03:00),0,0,0
Fri May 23 2025 05:30:00 GMT+0300 (GMT+03:00),0,0,0
Fri May 23 2025 05:31:00 GMT+0300 (GMT+03:00),0,0,0
Fri May 23 2025 05:32:00 GMT+0300 (GMT+03:00),0,12076.15,0
Fri May 23 2025 05:33:00 GMT+0300 (GMT+03:00),0,44493.71666666667,0
Fri May 23 2025 05:34:00 GMT+0300 (GMT+03:00),0,49860.65,0
Fri May 23 2025 05:35:00 GMT+0300 (GMT+03:00),0,52226.083333333336,0
Fri May 23 2025 05:36:00 GMT+0300 (GMT+03:00),0,49874.65,0
Fri May 23 2025 05:37:00 GMT+0300 (GMT+03:00),0,51682.73333333333,0
Fri May 23 2025 05:38:00 GMT+0300 (GMT+03:00),0,50976.9,0
Fri May 23 2025 05:39:00 GMT+0300 (GMT+03:00),0,49946.666666666664,0
Fri May 23 2025 05:40:00 GMT+0300 (GMT+03:00),0,50858.51666666667,0
Fri May 23 2025 05:41:00 GMT+0300 (GMT+03:00),0,49797.65,0
Fri May 23 2025 05:42:00 GMT+0300 (GMT+03:00),0,51303.63333333333,0
Fri May 23 2025 05:43:00 GMT+0300 (GMT+03:00),0,43989.55,0
Fri May 23 2025 05:44:00 GMT+0300 (GMT+03:00),0,51954.46666666667,0
Fri May 23 2025 05:45:00 GMT+0300 (GMT+03:00),0,50023.01666666667,0
Fri May 23 2025 05:46:00 GMT+0300 (GMT+03:00),0,52088.63333333333,0
Fri May 23 2025 05:47:00 GMT+0300 (GMT+03:00),0,51346.63333333333,0
Fri May 23 2025 05:48:00 GMT+0300 (GMT+03:00),0,50717.88333333333,0
Fri May 23 2025 05:49:00 GMT+0300 (GMT+03:00),0,49079.316666666666,0
Fri May 23 2025 05:50:00 GMT+0300 (GMT+03:00),0,52570.73333333333,0
Fri May 23 2025 05:51:00 GMT+0300 (GMT+03:00),0,51946.63333333333,0
Fri May 23 2025 05:52:00 GMT+0300 (GMT+03:00),0,51208.73333333333,0
Fri May 23 2025 05:53:00 GMT+0300 (GMT+03:00),0,35931.166666666664,0
Fri May 23 2025 05:54:00 GMT+0300 (GMT+03:00),0,51017.316666666666,0
Fri May 23 2025 05:55:00 GMT+0300 (GMT+03:00),0,53262.15,0
Fri May 23 2025 05:56:00 GMT+0300 (GMT+03:00),0,51223.85,0
Fri May 23 2025 05:57:00 GMT+0300 (GMT+03:00),0,50319.066666666666,0
Fri May 23 2025 05:58:00 GMT+0300 (GMT+03:00),0,51083.083333333336,0
Fri May 23 2025 05:59:00 GMT+0300 (GMT+03:00),0,51506.61666666667,0
Fri May 23 2025 06:00:00 GMT+0300 (GMT+03:00),0,51675.03333333333,0
Fri May 23 2025 06:01:00 GMT+0300 (GMT+03:00),0,51792.45,0
Fri May 23 2025 06:02:00 GMT+0300 (GMT+03:00),0,51064.96666666667,0
Fri May 23 2025 06:03:00 GMT+0300 (GMT+03:00),0,50928.98333333333,0
Fri May 23 2025 06:04:00 GMT+0300 (GMT+03:00),0,52982.416666666664,0
Fri May 23 2025 06:05:00 GMT+0300 (GMT+03:00),0,50003.28333333333,0
Fri May 23 2025 06:06:00 GMT+0300 (GMT+03:00),0,51341.583333333336,0
Fri May 23 2025 06:07:00 GMT+0300 (GMT+03:00),0,39680.8,0
Fri May 23 2025 06:08:00 GMT+0300 (GMT+03:00),0,6382.166666666667,0
Fri May 23 2025 06:09:00 GMT+0300 (GMT+03:00),0,0,0
Fri May 23 2025 06:10:00 GMT+0300 (GMT+03:00),0,0,0
Fri May 23 2025 06:11:00 GMT+0300 (GMT+03:00),0,0,0
Fri May 23 2025 06:12:00 GMT+0300 (GMT+03:00),0,9555.816666666668,0
Fri May 23 2025 06:13:00 GMT+0300 (GMT+03:00),0,37651.566666666666,0
Fri May 23 2025 06:14:00 GMT+0300 (GMT+03:00),0,51302.833333333336,0
Fri May 23 2025 06:15:00 GMT+0300 (GMT+03:00),0,50945.9,0
Fri May 23 2025 06:16:00 GMT+0300 (GMT+03:00),0,52384.98333333333,0
Fri May 23 2025 06:17:00 GMT+0300 (GMT+03:00),0,50640.26666666667,0
Fri May 23 2025 06:18:00 GMT+0300 (GMT+03:00),0,51492.9,0
Fri May 23 2025 06:19:00 GMT+0300 (GMT+03:00),0,50790.45,0
Fri May 23 2025 06:20:00 GMT+0300 (GMT+03:00),0,51288.316666666666,0
Fri May 23 2025 06:21:00 GMT+0300 (GMT+03:00),0,50774.11666666667,0
Fri May 23 2025 06:22:00 GMT+0300 (GMT+03:00),0,51909.55,0
Fri May 23 2025 06:23:00 GMT+0300 (GMT+03:00),0,43136.416666666664,0
Fri May 23 2025 06:24:00 GMT+0300 (GMT+03:00),0,52842.683333333334,0
Fri May 23 2025 06:25:00 GMT+0300 (GMT+03:00),0,50555.083333333336,0
Fri May 23 2025 06:26:00 GMT+0300 (GMT+03:00),0,52435.75,0
Fri May 23 2025 06:27:00 GMT+0300 (GMT+03:00),0,50177.566666666666,0
Fri May 23 2025 06:28:00 GMT+0300 (GMT+03:00),0,50540.63333333333,0
Fri May 23 2025 06:29:00 GMT+0300 (GMT+03:00),0,53682.683333333334,0
Fri May 23 2025 06:30:00 GMT+0300 (GMT+03:00),0,49772.416666666664,0
Fri May 23 2025 06:31:00 GMT+0300 (GMT+03:00),0,51605.166666666664,0
Fri May 23 2025 06:32:00 GMT+0300 (GMT+03:00),0,50973.333333333336,0
Fri May 23 2025 06:33:00 GMT+0300 (GMT+03:00),0,50915.53333333333,0
Fri May 23 2025 06:34:00 GMT+0300 (GMT+03:00),0,48291.36666666667,0
Fri May 23 2025 06:35:00 GMT+0300 (GMT+03:00),0,50544.51666666667,0
Fri May 23 2025 06:36:00 GMT+0300 (GMT+03:00),0,51788.95,0
Fri May 23 2025 06:37:00 GMT+0300 (GMT+03:00),0,50770.933333333334,0
Fri May 23 2025 06:38:00 GMT+0300 (GMT+03:00),0,53070.26666666667,0
Fri May 23 2025 06:39:00 GMT+0300 (GMT+03:00),0,53039.73333333333,0
Fri May 23 2025 06:40:00 GMT+0300 (GMT+03:00),0,50812.8,0
Fri May 23 2025 06:41:00 GMT+0300 (GMT+03:00),0,53182.7,0
Fri May 23 2025 06:42:00 GMT+0300 (GMT+03:00),0,52523.7,0
Fri May 23 2025 06:43:00 GMT+0300 (GMT+03:00),0,51726.51666666667,0
Fri May 23 2025 06:44:00 GMT+0300 (GMT+03:00),0,48317.75,0
Fri May 23 2025 06:45:00 GMT+0300 (GMT+03:00),0,51958.166666666664,0
Fri May 23 2025 06:46:00 GMT+0300 (GMT+03:00),0,52254.7,0
Fri May 23 2025 06:47:00 GMT+0300 (GMT+03:00),0,45122.95,0
Fri May 23 2025 06:48:00 GMT+0300 (GMT+03:00),0,584.6166666666667,0
Fri May 23 2025 06:49:00 GMT+0300 (GMT+03:00),0,0,0
Fri May 23 2025 06:50:00 GMT+0300 (GMT+03:00),0,0,0
Fri May 23 2025 06:51:00 GMT+0300 (GMT+03:00),0,0,0
Fri May 23 2025 06:52:00 GMT+0300 (GMT+03:00),0,3138.8166666666666,0
Fri May 23 2025 06:53:00 GMT+0300 (GMT+03:00),0,45666.65,0
Fri May 23 2025 06:54:00 GMT+0300 (GMT+03:00),0,48497.566666666666,0
Fri May 23 2025 06:55:00 GMT+0300 (GMT+03:00),0,51745.75,0
Fri May 23 2025 06:56:00 GMT+0300 (GMT+03:00),0,50348.2,0
Fri May 23 2025 06:57:00 GMT+0300 (GMT+03:00),0,49263.45,0
Fri May 23 2025 06:58:00 GMT+0300 (GMT+03:00),0,51035.3,0
Fri May 23 2025 06:59:00 GMT+0300 (GMT+03:00),0,52291.53333333333,0
Fri May 23 2025 07:00:00 GMT+0300 (GMT+03:00),0,49233.01666666667,0
Fri May 23 2025 07:01:00 GMT+0300 (GMT+03:00),0,50742.416666666664,0
Fri May 23 2025 07:02:00 GMT+0300 (GMT+03:00),0,49204.166666666664,0
Fri May 23 2025 07:03:00 GMT+0300 (GMT+03:00),0,49424.51666666667,0
Fri May 23 2025 07:04:00 GMT+0300 (GMT+03:00),0,42074.65,0
Fri May 23 2025 07:05:00 GMT+0300 (GMT+03:00),0,51313.38333333333,0
Fri May 23 2025 07:06:00 GMT+0300 (GMT+03:00),0,51845.75,0
Fri May 23 2025 07:07:00 GMT+0300 (GMT+03:00),0,51372.76666666667,0
Fri May 23 2025 07:08:00 GMT+0300 (GMT+03:00),0,47780.23333333333,0
Fri May 23 2025 07:09:00 GMT+0300 (GMT+03:00),0,51077.25,0
Fri May 23 2025 07:10:00 GMT+0300 (GMT+03:00),0,50864.15,0
Fri May 23 2025 07:11:00 GMT+0300 (GMT+03:00),0,51378.55,0
Fri May 23 2025 07:12:00 GMT+0300 (GMT+03:00),0,51418.15,0
Fri May 23 2025 07:13:00 GMT+0300 (GMT+03:00),0,50221.916666666664,0
Fri May 23 2025 07:14:00 GMT+0300 (GMT+03:00),0,51249.45,0
Fri May 23 2025 07:15:00 GMT+0300 (GMT+03:00),0,51903.25,0
Fri May 23 2025 07:16:00 GMT+0300 (GMT+03:00),0,50694.13333333333,0
Fri May 23 2025 07:17:00 GMT+0300 (GMT+03:00),0,50345.066666666666,0
Fri May 23 2025 07:18:00 GMT+0300 (GMT+03:00),0,50416.816666666666,0
Fri May 23 2025 07:19:00 GMT+0300 (GMT+03:00),0,50841.28333333333,0
Fri May 23 2025 07:20:00 GMT+0300 (GMT+03:00),0,51993.28333333333,0
Fri May 23 2025 07:21:00 GMT+0300 (GMT+03:00),0,52227.13333333333,0
Fri May 23 2025 07:22:00 GMT+0300 (GMT+03:00),0,51095.566666666666,0
Fri May 23 2025 07:23:00 GMT+0300 (GMT+03:00),0,49471.15,0
Fri May 23 2025 07:24:00 GMT+0300 (GMT+03:00),0,48553.4,0
Fri May 23 2025 07:25:00 GMT+0300 (GMT+03:00),0,53258.583333333336,0
Fri May 23 2025 07:26:00 GMT+0300 (GMT+03:00),0,52168.13333333333,0
Fri May 23 2025 07:27:00 GMT+0300 (GMT+03:00),0,36054.23333333333,0
Fri May 23 2025 07:28:00 GMT+0300 (GMT+03:00),0,3208.4,0
Fri May 23 2025 07:29:00 GMT+0300 (GMT+03:00),0,0,0
Fri May 23 2025 07:30:00 GMT+0300 (GMT+03:00),0,0,0
Fri May 23 2025 07:31:00 GMT+0300 (GMT+03:00),0,0,0
Fri May 23 2025 07:32:00 GMT+0300 (GMT+03:00),0,7693,0
Fri May 23 2025 07:33:00 GMT+0300 (GMT+03:00),0,47119.583333333336,0
Fri May 23 2025 07:34:00 GMT+0300 (GMT+03:00),0,48607.9,0
Fri May 23 2025 07:35:00 GMT+0300 (GMT+03:00),0,51510.2,0
Fri May 23 2025 07:36:00 GMT+0300 (GMT+03:00),0,51869.4,0
Fri May 23 2025 07:37:00 GMT+0300 (GMT+03:00),0,51549.916666666664,0
Fri May 23 2025 07:38:00 GMT+0300 (GMT+03:00),0,52559.03333333333,0
Fri May 23 2025 07:39:00 GMT+0300 (GMT+03:00),0,51307.183333333334,0
Fri May 23 2025 07:40:00 GMT+0300 (GMT+03:00),0,50736.433333333334,0
Fri May 23 2025 07:41:00 GMT+0300 (GMT+03:00),0,52562.95,0
Fri May 23 2025 07:42:00 GMT+0300 (GMT+03:00),0,49287.583333333336,0
Fri May 23 2025 07:43:00 GMT+0300 (GMT+03:00),0,53901.95,0
Fri May 23 2025 07:44:00 GMT+0300 (GMT+03:00),0,43282.61666666667,0
Fri May 23 2025 07:45:00 GMT+0300 (GMT+03:00),0,51576.75,0
Fri May 23 2025 07:46:00 GMT+0300 (GMT+03:00),0,50267.066666666666,0
Fri May 23 2025 07:47:00 GMT+0300 (GMT+03:00),0,52039.666666666664,0
Fri May 23 2025 07:48:00 GMT+0300 (GMT+03:00),0,50853.15,0
Fri May 23 2025 07:49:00 GMT+0300 (GMT+03:00),0,52211.63333333333,0
Fri May 23 2025 07:50:00 GMT+0300 (GMT+03:00),0,50212.566666666666,0
Fri May 23 2025 07:51:00 GMT+0300 (GMT+03:00),0,52442.88333333333,0
Fri May 23 2025 07:52:00 GMT+0300 (GMT+03:00),0,49663.76666666667,0
Fri May 23 2025 07:53:00 GMT+0300 (GMT+03:00),0,53943.066666666666,0
Fri May 23 2025 07:54:00 GMT+0300 (GMT+03:00),0,51823.416666666664,0
Fri May 23 2025 07:55:00 GMT+0300 (GMT+03:00),0,51070.03333333333,0
Fri May 23 2025 07:56:00 GMT+0300 (GMT+03:00),0,49549.183333333334,0
Fri May 23 2025 07:57:00 GMT+0300 (GMT+03:00),0,53527.13333333333,0
Fri May 23 2025 07:58:00 GMT+0300 (GMT+03:00),0,53093.95,0
Fri May 23 2025 07:59:00 GMT+0300 (GMT+03:00),0,51816.86666666667,0
Fri May 23 2025 08:00:00 GMT+0300 (GMT+03:00),0,51272.28333333333,0
Fri May 23 2025 08:01:00 GMT+0300 (GMT+03:00),0,50464.51666666667,0
Fri May 23 2025 08:02:00 GMT+0300 (GMT+03:00),0,52906.2,0
Fri May 23 2025 08:03:00 GMT+0300 (GMT+03:00),0,50047.316666666666,0
Fri May 23 2025 08:04:00 GMT+0300 (GMT+03:00),0,54402.683333333334,0
Fri May 23 2025 08:05:00 GMT+0300 (GMT+03:00),0,51157.416666666664,0
Fri May 23 2025 08:06:00 GMT+0300 (GMT+03:00),0,51362.833333333336,0
Fri May 23 2025 08:07:00 GMT+0300 (GMT+03:00),0,34787.13333333333,0
Fri May 23 2025 08:08:00 GMT+0300 (GMT+03:00),0,0,0
Fri May 23 2025 08:09:00 GMT+0300 (GMT+03:00),0,0,0
Fri May 23 2025 08:10:00 GMT+0300 (GMT+03:00),0,0,0
Fri May 23 2025 08:11:00 GMT+0300 (GMT+03:00),0,0,0
Fri May 23 2025 08:12:00 GMT+0300 (GMT+03:00),0,2475.016666666667,0
Fri May 23 2025 08:13:00 GMT+0300 (GMT+03:00),0,44051.6,0
Fri May 23 2025 08:14:00 GMT+0300 (GMT+03:00),0,49841.6,0
Fri May 23 2025 08:15:00 GMT+0300 (GMT+03:00),0,50823.98333333333,0
Fri May 23 2025 08:16:00 GMT+0300 (GMT+03:00),0,52217.3,0
Fri May 23 2025 08:17:00 GMT+0300 (GMT+03:00),0,50975.583333333336,0
Fri May 23 2025 08:18:00 GMT+0300 (GMT+03:00),0,48309.98333333333,0
Fri May 23 2025 08:19:00 GMT+0300 (GMT+03:00),0,52557.53333333333,0
Fri May 23 2025 08:20:00 GMT+0300 (GMT+03:00),0,52159.316666666666,0
Fri May 23 2025 08:21:00 GMT+0300 (GMT+03:00),0,50208.96666666667,0
Fri May 23 2025 08:22:00 GMT+0300 (GMT+03:00),0,50312.61666666667,0
Fri May 23 2025 08:23:00 GMT+0300 (GMT+03:00),0,44372.6,0
Fri May 23 2025 08:24:00 GMT+0300 (GMT+03:00),0,44623.25,0
Fri May 23 2025 08:25:00 GMT+0300 (GMT+03:00),0,50500.38333333333,0
Fri May 23 2025 08:26:00 GMT+0300 (GMT+03:00),0,52605.2,0
Fri May 23 2025 08:27:00 GMT+0300 (GMT+03:00),0,50330.63333333333,0
Fri May 23 2025 08:28:00 GMT+0300 (GMT+03:00),0,48946.23333333333,0
Fri May 23 2025 08:29:00 GMT+0300 (GMT+03:00),0,50715.23333333333,0
Fri May 23 2025 08:30:00 GMT+0300 (GMT+03:00),0,49661,0
Fri May 23 2025 08:31:00 GMT+0300 (GMT+03:00),0,51263.05,0
Fri May 23 2025 08:32:00 GMT+0300 (GMT+03:00),0,51863.51666666667,0
Fri May 23 2025 08:33:00 GMT+0300 (GMT+03:00),0,48004.78333333333,0
Fri May 23 2025 08:34:00 GMT+0300 (GMT+03:00),0,50125.55,0
Fri May 23 2025 08:35:00 GMT+0300 (GMT+03:00),0,52152.15,0
Fri May 23 2025 08:36:00 GMT+0300 (GMT+03:00),0,52297.36666666667,0
Fri May 23 2025 08:37:00 GMT+0300 (GMT+03:00),0,51891.73333333333,0
Fri May 23 2025 08:38:00 GMT+0300 (GMT+03:00),0,49579.566666666666,0
Fri May 23 2025 08:39:00 GMT+0300 (GMT+03:00),0,47343.01666666667,0
Fri May 23 2025 08:40:00 GMT+0300 (GMT+03:00),0,50892.36666666667,0
Fri May 23 2025 08:41:00 GMT+0300 (GMT+03:00),0,51278.933333333334,0
Fri May 23 2025 08:42:00 GMT+0300 (GMT+03:00),0,53446.26666666667,0
Fri May 23 2025 08:43:00 GMT+0300 (GMT+03:00),0,47993.833333333336,0
Fri May 23 2025 08:44:00 GMT+0300 (GMT+03:00),0,49993.36666666667,0
Fri May 23 2025 08:45:00 GMT+0300 (GMT+03:00),0,51586.583333333336,0
Fri May 23 2025 08:46:00 GMT+0300 (GMT+03:00),0,50298.933333333334,0
Fri May 23 2025 08:47:00 GMT+0300 (GMT+03:00),0,35255.816666666666,0
Fri May 23 2025 08:48:00 GMT+0300 (GMT+03:00),0,7387.383333333333,0
Fri May 23 2025 08:49:00 GMT+0300 (GMT+03:00),0,0,0
Fri May 23 2025 08:50:00 GMT+0300 (GMT+03:00),0,0,0
Fri May 23 2025 08:51:00 GMT+0300 (GMT+03:00),0,0,0
Fri May 23 2025 08:52:00 GMT+0300 (GMT+03:00),0,9889.816666666668,0
Fri May 23 2025 08:53:00 GMT+0300 (GMT+03:00),0,41527.933333333334,0
Fri May 23 2025 08:54:00 GMT+0300 (GMT+03:00),0,51143.95,0
Fri May 23 2025 08:55:00 GMT+0300 (GMT+03:00),0,50386.23333333333,0
Fri May 23 2025 08:56:00 GMT+0300 (GMT+03:00),0,53341,0
Fri May 23 2025 08:57:00 GMT+0300 (GMT+03:00),0,51937.38333333333,0
Fri May 23 2025 08:58:00 GMT+0300 (GMT+03:00),0,51818.01666666667,0
Fri May 23 2025 08:59:00 GMT+0300 (GMT+03:00),0,40319.166666666664,0
Fri May 23 2025 09:00:00 GMT+0300 (GMT+03:00),0,51379.71666666667,0
Fri May 23 2025 09:01:00 GMT+0300 (GMT+03:00),0,52079.01666666667,0
Fri May 23 2025 09:02:00 GMT+0300 (GMT+03:00),0,43730.166666666664,0
Fri May 23 2025 09:03:00 GMT+0300 (GMT+03:00),0,50616.15,0
Fri May 23 2025 09:04:00 GMT+0300 (GMT+03:00),0,53161.666666666664,0
Fri May 23 2025 09:05:00 GMT+0300 (GMT+03:00),0,51873.9,0
Fri May 23 2025 09:06:00 GMT+0300 (GMT+03:00),0,50938.88333333333,0
Fri May 23 2025 09:07:00 GMT+0300 (GMT+03:00),0,50665.433333333334,0
Fri May 23 2025 09:08:00 GMT+0300 (GMT+03:00),0,52352.916666666664,0
Fri May 23 2025 09:09:00 GMT+0300 (GMT+03:00),0,52966.13333333333,0
Fri May 23 2025 09:10:00 GMT+0300 (GMT+03:00),0,51404.21666666667,0
Fri May 23 2025 09:11:00 GMT+0300 (GMT+03:00),0,50205.71666666667,0
Fri May 23 2025 09:12:00 GMT+0300 (GMT+03:00),0,51752.05,0
Fri May 23 2025 09:13:00 GMT+0300 (GMT+03:00),0,52146.183333333334,0
Fri May 23 2025 09:14:00 GMT+0300 (GMT+03:00),0,53011.8,0
Fri May 23 2025 09:15:00 GMT+0300 (GMT+03:00),0,52081.15,0
Fri May 23 2025 09:16:00 GMT+0300 (GMT+03:00),0,48949.666666666664,0
Fri May 23 2025 09:17:00 GMT+0300 (GMT+03:00),0,51379.03333333333,0
Fri May 23 2025 09:18:00 GMT+0300 (GMT+03:00),0,52764.96666666667,0
Fri May 23 2025 09:19:00 GMT+0300 (GMT+03:00),0,52820.71666666667,0
Fri May 23 2025 09:20:00 GMT+0300 (GMT+03:00),0,51600.8,0
Fri May 23 2025 09:21:00 GMT+0300 (GMT+03:00),0,51666.95,0
Fri May 23 2025 09:22:00 GMT+0300 (GMT+03:00),0,51564.98333333333,0
Fri May 23 2025 09:23:00 GMT+0300 (GMT+03:00),0,53693.28333333333,0
Fri May 23 2025 09:24:00 GMT+0300 (GMT+03:00),0,51907.15,0
Fri May 23 2025 09:25:00 GMT+0300 (GMT+03:00),0,51571.23333333333,0
Fri May 23 2025 09:26:00 GMT+0300 (GMT+03:00),0,52143.63333333333,0
Fri May 23 2025 09:27:00 GMT+0300 (GMT+03:00),0,44870.4,0
Fri May 23 2025 09:28:00 GMT+0300 (GMT+03:00),0,5908.066666666667,0
Fri May 23 2025 09:29:00 GMT+0300 (GMT+03:00),0,0,0
Fri May 23 2025 09:30:00 GMT+0300 (GMT+03:00),0,0,0
Fri May 23 2025 09:31:00 GMT+0300 (GMT+03:00),0,0,0
Fri May 23 2025 09:32:00 GMT+0300 (GMT+03:00),0,2220.1,0
Fri May 23 2025 09:33:00 GMT+0300 (GMT+03:00),0,41280.8,0
Fri May 23 2025 09:34:00 GMT+0300 (GMT+03:00),0,49981.61666666667,0
Fri May 23 2025 09:35:00 GMT+0300 (GMT+03:00),0,51536.03333333333,0
Fri May 23 2025 09:36:00 GMT+0300 (GMT+03:00),0,49682.183333333334,0
Fri May 23 2025 09:37:00 GMT+0300 (GMT+03:00),0,51240.73333333333,0
Fri May 23 2025 09:38:00 GMT+0300 (GMT+03:00),0,48201.13333333333,0
Fri May 23 2025 09:39:00 GMT+0300 (GMT+03:00),0,53167.083333333336,0
Fri May 23 2025 09:40:00 GMT+0300 (GMT+03:00),0,49582.833333333336,0
Fri May 23 2025 09:41:00 GMT+0300 (GMT+03:00),0,51833.86666666667,0
Fri May 23 2025 09:42:00 GMT+0300 (GMT+03:00),0,43843.166666666664,0
Fri May 23 2025 09:43:00 GMT+0300 (GMT+03:00),0,46065.5,0
Fri May 23 2025 09:44:00 GMT+0300 (GMT+03:00),0,48800.166666666664,0
Fri May 23 2025 09:45:00 GMT+0300 (GMT+03:00),0,50485.03333333333,0
Fri May 23 2025 09:46:00 GMT+0300 (GMT+03:00),0,52503,0
Fri May 23 2025 09:47:00 GMT+0300 (GMT+03:00),0,50819.23333333333,0
Fri May 23 2025 09:48:00 GMT+0300 (GMT+03:00),0,45745.833333333336,0
Fri May 23 2025 09:49:00 GMT+0300 (GMT+03:00),0,48884.25,0
Fri May 23 2025 09:50:00 GMT+0300 (GMT+03:00),0,52699.333333333336,0
Fri May 23 2025 09:51:00 GMT+0300 (GMT+03:00),0,50442.96666666667,0
Fri May 23 2025 09:52:00 GMT+0300 (GMT+03:00),0,51655.23333333333,0
Fri May 23 2025 09:53:00 GMT+0300 (GMT+03:00),0,49012.76666666667,0
Fri May 23 2025 09:54:00 GMT+0300 (GMT+03:00),0,47523.55,0
Fri May 23 2025 09:55:00 GMT+0300 (GMT+03:00),0,52225.4,0
Fri May 23 2025 09:56:00 GMT+0300 (GMT+03:00),0,50762.96666666667,0
Fri May 23 2025 09:57:00 GMT+0300 (GMT+03:00),0,51455.183333333334,0
Fri May 23 2025 09:58:00 GMT+0300 (GMT+03:00),0,47331.13333333333,0
Fri May 23 2025 09:59:00 GMT+0300 (GMT+03:00),0,49028.666666666664,0
Fri May 23 2025 10:00:00 GMT+0300 (GMT+03:00),0,50779.75,0
Fri May 23 2025 10:01:00 GMT+0300 (GMT+03:00),0,53104.23333333333,0
Fri May 23 2025 10:02:00 GMT+0300 (GMT+03:00),0,53137.98333333333,0
Fri May 23 2025 10:03:00 GMT+0300 (GMT+03:00),0,47101.7,0
Fri May 23 2025 10:04:00 GMT+0300 (GMT+03:00),0,48930.11666666667,0
Fri May 23 2025 10:05:00 GMT+0300 (GMT+03:00),0,52449.8,0
Fri May 23 2025 10:06:00 GMT+0300 (GMT+03:00),0,49880.05,0
Fri May 23 2025 10:07:00 GMT+0300 (GMT+03:00),0,35707,0
Fri May 23 2025 10:08:00 GMT+0300 (GMT+03:00),0,6630.366666666667,0
Fri May 23 2025 10:09:00 GMT+0300 (GMT+03:00),0,0,0
Fri May 23 2025 10:10:00 GMT+0300 (GMT+03:00),0,0,0
Fri May 23 2025 10:11:00 GMT+0300 (GMT+03:00),0,0,0