TimeSeries ID,container/billable_instance_time.cloud_run_revision.ALIGN_RATE.REDUCE_SUM.metric.type="run.googleapis.com/container/billable_instance_time" resource.type="cloud_run_revision" AND resource.labels."location"="us-central1" AND resource.labels."project_id"="llm-workload-characterization3" AND resource.labels."service_name"="ollama-llama".+60s.project_id:llm-workload-characterization3.service_name:ollama-llama
service_name,ollama-llama
project_id,llm-workload-characterization3
Sun May 25 2025 17:55:00 GMT+0300 (GMT+03:00),5.024741994012499
Sun May 25 2025 17:56:00 GMT+0300 (GMT+03:00),4.820727141031992
Sun May 25 2025 17:57:00 GMT+0300 (GMT+03:00),5.018907468635808
Sun May 25 2025 17:58:00 GMT+0300 (GMT+03:00),5.030059209469521
Sun May 25 2025 17:59:00 GMT+0300 (GMT+03:00),5.0216014853344975
Sun May 25 2025 18:00:00 GMT+0300 (GMT+03:00),4.4317060402956905
Sun May 25 2025 18:01:00 GMT+0300 (GMT+03:00),5.01742808512181
Sun May 25 2025 18:02:00 GMT+0300 (GMT+03:00),5.028974604990154
Sun May 25 2025 18:03:00 GMT+0300 (GMT+03:00),5.018180586294168
Sun May 25 2025 18:04:00 GMT+0300 (GMT+03:00),5.035640980289264
Sun May 25 2025 18:05:00 GMT+0300 (GMT+03:00),5.019899343957658
Sun May 25 2025 18:06:00 GMT+0300 (GMT+03:00),5.032840390567762
Sun May 25 2025 18:07:00 GMT+0300 (GMT+03:00),5.041383002144966
Sun May 25 2025 18:08:00 GMT+0300 (GMT+03:00),5.020960881353509
Sun May 25 2025 18:09:00 GMT+0300 (GMT+03:00),5.015461162670058
Sun May 25 2025 18:10:00 GMT+0300 (GMT+03:00),5.040212272708698
Sun May 25 2025 18:11:00 GMT+0300 (GMT+03:00),5.016886873065755
Sun May 25 2025 18:12:00 GMT+0300 (GMT+03:00),4.455128440906848
Sun May 25 2025 18:13:00 GMT+0300 (GMT+03:00),5.018080802967859
Sun May 25 2025 18:14:00 GMT+0300 (GMT+03:00),5.031689010655809
Sun May 25 2025 18:15:00 GMT+0300 (GMT+03:00),5.025504822244644
Sun May 25 2025 18:16:00 GMT+0300 (GMT+03:00),5.017018105658356
Sun May 25 2025 18:17:00 GMT+0300 (GMT+03:00),4.218751874649399
Sun May 25 2025 18:18:00 GMT+0300 (GMT+03:00),5.046116200984981
Sun May 25 2025 18:19:00 GMT+0300 (GMT+03:00),5.029944254471305
Sun May 25 2025 18:20:00 GMT+0300 (GMT+03:00),5.014153188698162
Sun May 25 2025 18:21:00 GMT+0300 (GMT+03:00),5.020844849547859
Sun May 25 2025 18:22:00 GMT+0300 (GMT+03:00),5.024724478579958
Sun May 25 2025 18:23:00 GMT+0300 (GMT+03:00),5.027029390262718
Sun May 25 2025 18:24:00 GMT+0300 (GMT+03:00),5.018356458740141
Sun May 25 2025 18:25:00 GMT+0300 (GMT+03:00),5.030017268792994
Sun May 25 2025 18:26:00 GMT+0300 (GMT+03:00),5.030889085389004
Sun May 25 2025 18:27:00 GMT+0300 (GMT+03:00),5.044900834136334
Sun May 25 2025 18:28:00 GMT+0300 (GMT+03:00),5.02351921751598
Sun May 25 2025 18:29:00 GMT+0300 (GMT+03:00),5.02262327024611
Sun May 25 2025 18:30:00 GMT+0300 (GMT+03:00),5.031748296897687
Sun May 25 2025 18:31:00 GMT+0300 (GMT+03:00),5.025591477960347
Sun May 25 2025 18:32:00 GMT+0300 (GMT+03:00),5.02442685915302
Sun May 25 2025 18:33:00 GMT+0300 (GMT+03:00),5.0253602744081265
Sun May 25 2025 18:34:00 GMT+0300 (GMT+03:00),5.020814878603975
Sun May 25 2025 18:35:00 GMT+0300 (GMT+03:00),5.025780170535806
Sun May 25 2025 18:36:00 GMT+0300 (GMT+03:00),5.021548546732394
Sun May 25 2025 18:37:00 GMT+0300 (GMT+03:00),5.030774396070402
Sun May 25 2025 18:38:00 GMT+0300 (GMT+03:00),5.011117717608802
Sun May 25 2025 18:39:00 GMT+0300 (GMT+03:00),5.0295007643612815
Sun May 25 2025 18:40:00 GMT+0300 (GMT+03:00),5.0139317318149095
Sun May 25 2025 18:41:00 GMT+0300 (GMT+03:00),4.807199179999672
Sun May 25 2025 18:42:00 GMT+0300 (GMT+03:00),5.04120797319418
Sun May 25 2025 18:43:00 GMT+0300 (GMT+03:00),5.017015242468612
Sun May 25 2025 18:44:00 GMT+0300 (GMT+03:00),5.021979750490337
Sun May 25 2025 18:45:00 GMT+0300 (GMT+03:00),5.030406909387026
Sun May 25 2025 18:46:00 GMT+0300 (GMT+03:00),5.0262662173287405
Sun May 25 2025 18:47:00 GMT+0300 (GMT+03:00),5.023260282311018
Sun May 25 2025 18:48:00 GMT+0300 (GMT+03:00),5.034647449909941
Sun May 25 2025 18:49:00 GMT+0300 (GMT+03:00),5.021639607661177
Sun May 25 2025 18:50:00 GMT+0300 (GMT+03:00),5.023428304376269
Sun May 25 2025 18:51:00 GMT+0300 (GMT+03:00),5.024084688081363
Sun May 25 2025 18:52:00 GMT+0300 (GMT+03:00),5.026753338972738
Sun May 25 2025 18:53:00 GMT+0300 (GMT+03:00),5.024461856344631
Sun May 25 2025 18:54:00 GMT+0300 (GMT+03:00),5.022373612500564
Sun May 25 2025 18:55:00 GMT+0300 (GMT+03:00),5.020474814129549
Sun May 25 2025 18:56:00 GMT+0300 (GMT+03:00),5.024183018371915
Sun May 25 2025 18:57:00 GMT+0300 (GMT+03:00),5.030393698268828
Sun May 25 2025 18:58:00 GMT+0300 (GMT+03:00),5.036913505549296
Sun May 25 2025 18:59:00 GMT+0300 (GMT+03:00),5.020131751813922
Sun May 25 2025 19:00:00 GMT+0300 (GMT+03:00),5.025029270557403
Sun May 25 2025 19:01:00 GMT+0300 (GMT+03:00),5.024341732937265
Sun May 25 2025 19:02:00 GMT+0300 (GMT+03:00),5.027798820177925
Sun May 25 2025 19:03:00 GMT+0300 (GMT+03:00),4.22014170512122
Sun May 25 2025 19:04:00 GMT+0300 (GMT+03:00),5.0297198783382555
Sun May 25 2025 19:05:00 GMT+0300 (GMT+03:00),5.031953064973807
Sun May 25 2025 19:06:00 GMT+0300 (GMT+03:00),5.024472660658163
Sun May 25 2025 19:07:00 GMT+0300 (GMT+03:00),5.028270861540432
Sun May 25 2025 19:08:00 GMT+0300 (GMT+03:00),5.024761938295827
Sun May 25 2025 19:09:00 GMT+0300 (GMT+03:00),5.02364484639138
Sun May 25 2025 19:10:00 GMT+0300 (GMT+03:00),5.027486474384068
Sun May 25 2025 19:11:00 GMT+0300 (GMT+03:00),5.014016663239924
Sun May 25 2025 19:12:00 GMT+0300 (GMT+03:00),5.0389326556656515
Sun May 25 2025 19:13:00 GMT+0300 (GMT+03:00),5.024069943566868
Sun May 25 2025 19:14:00 GMT+0300 (GMT+03:00),5.03882756365042
Sun May 25 2025 19:15:00 GMT+0300 (GMT+03:00),5.000491253907375
Sun May 25 2025 19:16:00 GMT+0300 (GMT+03:00),5.0262673020796536
Sun May 25 2025 19:17:00 GMT+0300 (GMT+03:00),5.026322781403269
Sun May 25 2025 19:18:00 GMT+0300 (GMT+03:00),5.028002606418355
Sun May 25 2025 19:19:00 GMT+0300 (GMT+03:00),5.0257092801826575
Sun May 25 2025 19:20:00 GMT+0300 (GMT+03:00),5.025231766377283
Sun May 25 2025 19:21:00 GMT+0300 (GMT+03:00),5.0552463897565305
Sun May 25 2025 19:22:00 GMT+0300 (GMT+03:00),5.0059257519321365
Sun May 25 2025 19:23:00 GMT+0300 (GMT+03:00),5.026140562166969
Sun May 25 2025 19:24:00 GMT+0300 (GMT+03:00),5.029601445278164
Sun May 25 2025 19:25:00 GMT+0300 (GMT+03:00),5.0175140716303455
Sun May 25 2025 19:26:00 GMT+0300 (GMT+03:00),4.808222748317166
Sun May 25 2025 19:27:00 GMT+0300 (GMT+03:00),5.031888541396438
Sun May 25 2025 19:28:00 GMT+0300 (GMT+03:00),5.041368210834707
Sun May 25 2025 19:29:00 GMT+0300 (GMT+03:00),5.038390808527856
Sun May 25 2025 19:30:00 GMT+0300 (GMT+03:00),5.026598012650205
Sun May 25 2025 19:31:00 GMT+0300 (GMT+03:00),5.024162952716294
Sun May 25 2025 19:32:00 GMT+0300 (GMT+03:00),5.020214689919658
Sun May 25 2025 19:33:00 GMT+0300 (GMT+03:00),5.0174355399692105
Sun May 25 2025 19:34:00 GMT+0300 (GMT+03:00),5.040240474921665
Sun May 25 2025 19:35:00 GMT+0300 (GMT+03:00),5.023377119157536
Sun May 25 2025 19:36:00 GMT+0300 (GMT+03:00),5.03638348325394
Sun May 25 2025 19:37:00 GMT+0300 (GMT+03:00),5.012857811410125
Sun May 25 2025 19:38:00 GMT+0300 (GMT+03:00),5.034118676778235
Sun May 25 2025 19:39:00 GMT+0300 (GMT+03:00),5.028585115050116
Sun May 25 2025 19:40:00 GMT+0300 (GMT+03:00),5.021629601806883
Sun May 25 2025 19:41:00 GMT+0300 (GMT+03:00),5.019944985559687
Sun May 25 2025 19:42:00 GMT+0300 (GMT+03:00),5.025078993087648
Sun May 25 2025 19:43:00 GMT+0300 (GMT+03:00),5.03159839989274
Sun May 25 2025 19:44:00 GMT+0300 (GMT+03:00),5.014718380179465
Sun May 25 2025 19:45:00 GMT+0300 (GMT+03:00),5.025352704877954
Sun May 25 2025 19:46:00 GMT+0300 (GMT+03:00),5.031869696172317
Sun May 25 2025 19:47:00 GMT+0300 (GMT+03:00),5.018407209200132
Sun May 25 2025 19:48:00 GMT+0300 (GMT+03:00),4.2201441027342605
Sun May 25 2025 19:49:00 GMT+0300 (GMT+03:00),5.0500060512305485
Sun May 25 2025 19:50:00 GMT+0300 (GMT+03:00),5.014298046342431
Sun May 25 2025 19:51:00 GMT+0300 (GMT+03:00),5.010898603621642
Sun May 25 2025 19:52:00 GMT+0300 (GMT+03:00),5.048642311139792
Sun May 25 2025 19:53:00 GMT+0300 (GMT+03:00),5.01066567601841
Sun May 25 2025 19:54:00 GMT+0300 (GMT+03:00),5.043254187725719
Sun May 25 2025 19:55:00 GMT+0300 (GMT+03:00),5.0140738779657115
Sun May 25 2025 19:56:00 GMT+0300 (GMT+03:00),5.037954254192163
Sun May 25 2025 19:57:00 GMT+0300 (GMT+03:00),5.015591160944238
Sun May 25 2025 19:58:00 GMT+0300 (GMT+03:00),5.020860923451559
Sun May 25 2025 19:59:00 GMT+0300 (GMT+03:00),5.044681405681043
Sun May 25 2025 20:00:00 GMT+0300 (GMT+03:00),5.009369514170506
Sun May 25 2025 20:01:00 GMT+0300 (GMT+03:00),5.0258431564866894
Sun May 25 2025 20:02:00 GMT+0300 (GMT+03:00),5.022791155897206
Sun May 25 2025 20:03:00 GMT+0300 (GMT+03:00),5.050116969137419
Sun May 25 2025 20:04:00 GMT+0300 (GMT+03:00),5.006082219344732
Sun May 25 2025 20:05:00 GMT+0300 (GMT+03:00),5.049978765104425
Sun May 25 2025 20:06:00 GMT+0300 (GMT+03:00),5.014885226647963
Sun May 25 2025 20:07:00 GMT+0300 (GMT+03:00),5.040572925459098
Sun May 25 2025 20:08:00 GMT+0300 (GMT+03:00),5.0142527911389605
Sun May 25 2025 20:09:00 GMT+0300 (GMT+03:00),5.020556922608451
Sun May 25 2025 20:10:00 GMT+0300 (GMT+03:00),4.8041513278370225
Sun May 25 2025 20:11:00 GMT+0300 (GMT+03:00),5.027589341649885
Sun May 25 2025 20:12:00 GMT+0300 (GMT+03:00),5.027451741114449
Sun May 25 2025 20:13:00 GMT+0300 (GMT+03:00),5.033820440518988
Sun May 25 2025 20:14:00 GMT+0300 (GMT+03:00),5.025051344595765
Sun May 25 2025 20:15:00 GMT+0300 (GMT+03:00),5.025257773241507
Sun May 25 2025 20:16:00 GMT+0300 (GMT+03:00),5.024796414447337
Sun May 25 2025 20:17:00 GMT+0300 (GMT+03:00),5.032875614580765
Sun May 25 2025 20:18:00 GMT+0300 (GMT+03:00),5.013457006931306
Sun May 25 2025 20:19:00 GMT+0300 (GMT+03:00),5.029134810904058
Sun May 25 2025 20:20:00 GMT+0300 (GMT+03:00),5.0287481263893214
Sun May 25 2025 20:21:00 GMT+0300 (GMT+03:00),5.013821311956205
Sun May 25 2025 20:22:00 GMT+0300 (GMT+03:00),5.033703745931841
Sun May 25 2025 20:23:00 GMT+0300 (GMT+03:00),5.036242602666244
Sun May 25 2025 20:24:00 GMT+0300 (GMT+03:00),5.0188740939730145
Sun May 25 2025 20:25:00 GMT+0300 (GMT+03:00),5.032063995056069
Sun May 25 2025 20:26:00 GMT+0300 (GMT+03:00),5.020016454131959
Sun May 25 2025 20:27:00 GMT+0300 (GMT+03:00),5.042009862619974
Sun May 25 2025 20:28:00 GMT+0300 (GMT+03:00),5.017084259284275
Sun May 25 2025 20:29:00 GMT+0300 (GMT+03:00),5.021902364842572
Sun May 25 2025 20:30:00 GMT+0300 (GMT+03:00),5.018482101353311
Sun May 25 2025 20:31:00 GMT+0300 (GMT+03:00),4.2211413214134454
Sun May 25 2025 20:32:00 GMT+0300 (GMT+03:00),5.056440670167224
Sun May 25 2025 20:33:00 GMT+0300 (GMT+03:00),5.019559265722152
Sun May 25 2025 20:34:00 GMT+0300 (GMT+03:00),5.006316173714549
Sun May 25 2025 20:35:00 GMT+0300 (GMT+03:00),5.035431158028951
Sun May 25 2025 20:36:00 GMT+0300 (GMT+03:00),5.026168246355458
Sun May 25 2025 20:37:00 GMT+0300 (GMT+03:00),5.048471480187557
Sun May 25 2025 20:38:00 GMT+0300 (GMT+03:00),5.004856680750193
Sun May 25 2025 20:39:00 GMT+0300 (GMT+03:00),5.052275097699991
Sun May 25 2025 20:40:00 GMT+0300 (GMT+03:00),5.021633494332764
Sun May 25 2025 20:41:00 GMT+0300 (GMT+03:00),5.013653056234428
Sun May 25 2025 20:42:00 GMT+0300 (GMT+03:00),5.0251741829555
Sun May 25 2025 20:43:00 GMT+0300 (GMT+03:00),5.024502162474558
Sun May 25 2025 20:44:00 GMT+0300 (GMT+03:00),5.0313031103091514
Sun May 25 2025 20:45:00 GMT+0300 (GMT+03:00),5.017914494559894
Sun May 25 2025 20:46:00 GMT+0300 (GMT+03:00),5.018079732975639
Sun May 25 2025 20:47:00 GMT+0300 (GMT+03:00),5.04602056525085
Sun May 25 2025 20:48:00 GMT+0300 (GMT+03:00),5.02790034633593
Sun May 25 2025 20:49:00 GMT+0300 (GMT+03:00),5.029295252887338
Sun May 25 2025 20:50:00 GMT+0300 (GMT+03:00),5.0281912941005125
Sun May 25 2025 20:51:00 GMT+0300 (GMT+03:00),5.008978229005546
Sun May 25 2025 20:52:00 GMT+0300 (GMT+03:00),5.031329948214686
Sun May 25 2025 20:53:00 GMT+0300 (GMT+03:00),5.037965177690179
Sun May 25 2025 20:54:00 GMT+0300 (GMT+03:00),4.812728645187993
Sun May 25 2025 20:55:00 GMT+0300 (GMT+03:00),5.0245715285769315
Sun May 25 2025 20:56:00 GMT+0300 (GMT+03:00),5.008502390518151
Sun May 25 2025 20:57:00 GMT+0300 (GMT+03:00),5.036414998141724
Sun May 25 2025 20:58:00 GMT+0300 (GMT+03:00),5.031630251284151
Sun May 25 2025 20:59:00 GMT+0300 (GMT+03:00),5.034647617966251
Sun May 25 2025 21:00:00 GMT+0300 (GMT+03:00),5.010044278981058
Sun May 25 2025 21:01:00 GMT+0300 (GMT+03:00),5.026073657299124
Sun May 25 2025 21:02:00 GMT+0300 (GMT+03:00),5.040917959142674
Sun May 25 2025 21:03:00 GMT+0300 (GMT+03:00),5.027229254655534
Sun May 25 2025 21:04:00 GMT+0300 (GMT+03:00),4.623187914309195
Sun May 25 2025 21:05:00 GMT+0300 (GMT+03:00),5.021547700007704
Sun May 25 2025 21:06:00 GMT+0300 (GMT+03:00),5.028162859235818
Sun May 25 2025 21:07:00 GMT+0300 (GMT+03:00),5.038728842414427
Sun May 25 2025 21:08:00 GMT+0300 (GMT+03:00),5.017568224701608
Sun May 25 2025 21:09:00 GMT+0300 (GMT+03:00),5.026802335658249
Sun May 25 2025 21:10:00 GMT+0300 (GMT+03:00),5.027392569013045
Sun May 25 2025 21:11:00 GMT+0300 (GMT+03:00),5.027349254197301
Sun May 25 2025 21:12:00 GMT+0300 (GMT+03:00),5.013513217320178
Sun May 25 2025 21:13:00 GMT+0300 (GMT+03:00),5.035917615337439
Sun May 25 2025 21:14:00 GMT+0300 (GMT+03:00),5.030098299897296
Sun May 25 2025 21:15:00 GMT+0300 (GMT+03:00),4.2212010822206745
Sun May 25 2025 21:16:00 GMT+0300 (GMT+03:00),5.042674684612818
Sun May 25 2025 21:17:00 GMT+0300 (GMT+03:00),5.024569380584247
Sun May 25 2025 21:18:00 GMT+0300 (GMT+03:00),5.016468212911514
Sun May 25 2025 21:19:00 GMT+0300 (GMT+03:00),5.020403903541592
Sun May 25 2025 21:20:00 GMT+0300 (GMT+03:00),5.033963668221774
Sun May 25 2025 21:21:00 GMT+0300 (GMT+03:00),5.037036234392781
Sun May 25 2025 21:22:00 GMT+0300 (GMT+03:00),5.012940325002637
Sun May 25 2025 21:23:00 GMT+0300 (GMT+03:00),5.041391001273496
Sun May 25 2025 21:24:00 GMT+0300 (GMT+03:00),5.006031359795179
Sun May 25 2025 21:25:00 GMT+0300 (GMT+03:00),5.031555441017827
Sun May 25 2025 21:26:00 GMT+0300 (GMT+03:00),5.043843242009279
Sun May 25 2025 21:27:00 GMT+0300 (GMT+03:00),5.009348031572699
Sun May 25 2025 21:28:00 GMT+0300 (GMT+03:00),5.04272497373601
Sun May 25 2025 21:29:00 GMT+0300 (GMT+03:00),5.015993252273195
Sun May 25 2025 21:30:00 GMT+0300 (GMT+03:00),5.021808233711544
Sun May 25 2025 21:31:00 GMT+0300 (GMT+03:00),5.021303150904684
Sun May 25 2025 21:32:00 GMT+0300 (GMT+03:00),5.052699925147711
Sun May 25 2025 21:33:00 GMT+0300 (GMT+03:00),5.034015439276815
Sun May 25 2025 21:34:00 GMT+0300 (GMT+03:00),5.026930486002554
Sun May 25 2025 21:35:00 GMT+0300 (GMT+03:00),5.02088489789988
Sun May 25 2025 21:36:00 GMT+0300 (GMT+03:00),5.029349782288015
Sun May 25 2025 21:37:00 GMT+0300 (GMT+03:00),5.008891347360865
Sun May 25 2025 21:38:00 GMT+0300 (GMT+03:00),4.812771144628096
Sun May 25 2025 21:39:00 GMT+0300 (GMT+03:00),5.027160424832255
Sun May 25 2025 21:40:00 GMT+0300 (GMT+03:00),5.039793503520044
Sun May 25 2025 21:41:00 GMT+0300 (GMT+03:00),5.018998457418123
Sun May 25 2025 21:42:00 GMT+0300 (GMT+03:00),5.019181378319475
Sun May 25 2025 21:43:00 GMT+0300 (GMT+03:00),5.037482796964286
Sun May 25 2025 21:44:00 GMT+0300 (GMT+03:00),5.022135684670593
Sun May 25 2025 21:45:00 GMT+0300 (GMT+03:00),5.022751057406155
Sun May 25 2025 21:46:00 GMT+0300 (GMT+03:00),5.042538010537403
Sun May 25 2025 21:47:00 GMT+0300 (GMT+03:00),5.020031570096853
Sun May 25 2025 21:49:00 GMT+0300 (GMT+03:00),5.050412868760365
Sun May 25 2025 21:50:00 GMT+0300 (GMT+03:00),5.025017614801072
Sun May 25 2025 21:51:00 GMT+0300 (GMT+03:00),5.015765884604601
Sun May 25 2025 21:52:00 GMT+0300 (GMT+03:00),5.047240937347094
Sun May 25 2025 21:53:00 GMT+0300 (GMT+03:00),5.033009131216901
Sun May 25 2025 21:54:00 GMT+0300 (GMT+03:00),5.014356801806146
Sun May 25 2025 21:55:00 GMT+0300 (GMT+03:00),5.019041540289254
Sun May 25 2025 21:56:00 GMT+0300 (GMT+03:00),5.037595511096182
Sun May 25 2025 21:57:00 GMT+0300 (GMT+03:00),5.0229897878615395
Sun May 25 2025 21:58:00 GMT+0300 (GMT+03:00),4.219679043678267
Sun May 25 2025 21:59:00 GMT+0300 (GMT+03:00),5.043748385522819
Sun May 25 2025 22:00:00 GMT+0300 (GMT+03:00),5.015894501870571
Sun May 25 2025 22:01:00 GMT+0300 (GMT+03:00),5.018152462958884
Sun May 25 2025 22:02:00 GMT+0300 (GMT+03:00),5.048130606271418
Sun May 25 2025 22:03:00 GMT+0300 (GMT+03:00),5.014306003975859
Sun May 25 2025 22:04:00 GMT+0300 (GMT+03:00),5.020873115431247
Sun May 25 2025 22:05:00 GMT+0300 (GMT+03:00),5.042778767822771
Sun May 25 2025 22:06:00 GMT+0300 (GMT+03:00),5.014403052009706
Sun May 25 2025 22:07:00 GMT+0300 (GMT+03:00),5.024428893678699
Sun May 25 2025 22:08:00 GMT+0300 (GMT+03:00),5.0477327754135635
Sun May 25 2025 22:09:00 GMT+0300 (GMT+03:00),5.014219711517034
Sun May 25 2025 22:10:00 GMT+0300 (GMT+03:00),5.029381652011428
Sun May 25 2025 22:11:00 GMT+0300 (GMT+03:00),5.031932991812907
Sun May 25 2025 22:12:00 GMT+0300 (GMT+03:00),5.044392208930216
Sun May 25 2025 22:13:00 GMT+0300 (GMT+03:00),5.015861087555732
Sun May 25 2025 22:14:00 GMT+0300 (GMT+03:00),5.035986815488711
Sun May 25 2025 22:15:00 GMT+0300 (GMT+03:00),5.039363505826744
Sun May 25 2025 22:16:00 GMT+0300 (GMT+03:00),5.01707690901773
Sun May 25 2025 22:17:00 GMT+0300 (GMT+03:00),5.044331219989332
Sun May 25 2025 22:18:00 GMT+0300 (GMT+03:00),5.01341401152722
Sun May 25 2025 22:19:00 GMT+0300 (GMT+03:00),5.016140798177397
Sun May 25 2025 22:20:00 GMT+0300 (GMT+03:00),4.837245288745968
Sun May 25 2025 22:21:00 GMT+0300 (GMT+03:00),5.025435505339586
Sun May 25 2025 22:22:00 GMT+0300 (GMT+03:00),5.015579618341083
Sun May 25 2025 22:23:00 GMT+0300 (GMT+03:00),5.030898845887259
Sun May 25 2025 22:24:00 GMT+0300 (GMT+03:00),5.050483932342013
Sun May 25 2025 22:25:00 GMT+0300 (GMT+03:00),5.02532488641494
Sun May 25 2025 22:26:00 GMT+0300 (GMT+03:00),5.0224382230626965
Sun May 25 2025 22:27:00 GMT+0300 (GMT+03:00),5.022166754203378
Sun May 25 2025 22:28:00 GMT+0300 (GMT+03:00),5.02812276988146
Sun May 25 2025 22:29:00 GMT+0300 (GMT+03:00),5.035526231178543
Sun May 25 2025 22:30:00 GMT+0300 (GMT+03:00),5.010359665020163
Sun May 25 2025 22:31:00 GMT+0300 (GMT+03:00),5.025668789925961
Sun May 25 2025 22:32:00 GMT+0300 (GMT+03:00),5.032783492232799
Sun May 25 2025 22:33:00 GMT+0300 (GMT+03:00),5.03287072653693
Sun May 25 2025 22:34:00 GMT+0300 (GMT+03:00),5.03064828938277
Sun May 25 2025 22:35:00 GMT+0300 (GMT+03:00),5.028301858271456
Sun May 25 2025 22:36:00 GMT+0300 (GMT+03:00),5.011848307499713
Sun May 25 2025 22:37:00 GMT+0300 (GMT+03:00),5.025234896158691
Sun May 25 2025 22:38:00 GMT+0300 (GMT+03:00),5.041119102136084
Sun May 25 2025 22:39:00 GMT+0300 (GMT+03:00),5.022923200180352
Sun May 25 2025 22:40:00 GMT+0300 (GMT+03:00),5.023818668073667
Sun May 25 2025 22:41:00 GMT+0300 (GMT+03:00),4.220057236626174
Sun May 25 2025 22:42:00 GMT+0300 (GMT+03:00),5.030038655400616
Sun May 25 2025 22:43:00 GMT+0300 (GMT+03:00),5.013091690054595
Sun May 25 2025 22:44:00 GMT+0300 (GMT+03:00),5.0491039913655795
Sun May 25 2025 22:45:00 GMT+0300 (GMT+03:00),5.011859684441394
Sun May 25 2025 22:46:00 GMT+0300 (GMT+03:00),5.032046879884365
Sun May 25 2025 22:47:00 GMT+0300 (GMT+03:00),5.0382389818389735
Sun May 25 2025 22:48:00 GMT+0300 (GMT+03:00),5.023192169255223
Sun May 25 2025 22:49:00 GMT+0300 (GMT+03:00),5.010965120960161
Sun May 25 2025 22:50:00 GMT+0300 (GMT+03:00),5.027030188306829
Sun May 25 2025 22:51:00 GMT+0300 (GMT+03:00),5.029584951787608
Sun May 25 2025 22:52:00 GMT+0300 (GMT+03:00),5.043230485138277
Sun May 25 2025 22:53:00 GMT+0300 (GMT+03:00),5.0306663320888525
Sun May 25 2025 22:54:00 GMT+0300 (GMT+03:00),5.009740371656457
Sun May 25 2025 22:55:00 GMT+0300 (GMT+03:00),5.024215977729
Sun May 25 2025 22:56:00 GMT+0300 (GMT+03:00),5.037740828985504
Sun May 25 2025 22:57:00 GMT+0300 (GMT+03:00),5.028185570929661
Sun May 25 2025 22:58:00 GMT+0300 (GMT+03:00),5.033841462647615
Sun May 25 2025 22:59:00 GMT+0300 (GMT+03:00),5.034406603120624
Sun May 25 2025 23:00:00 GMT+0300 (GMT+03:00),5.004542393776804
Sun May 25 2025 23:01:00 GMT+0300 (GMT+03:00),5.025065690604364
Sun May 25 2025 23:02:00 GMT+0300 (GMT+03:00),5.032923016027538
Sun May 25 2025 23:03:00 GMT+0300 (GMT+03:00),4.819502375573271
Sun May 25 2025 23:04:00 GMT+0300 (GMT+03:00),5.011952449634797
Sun May 25 2025 23:05:00 GMT+0300 (GMT+03:00),5.024471051624277
Sun May 25 2025 23:06:00 GMT+0300 (GMT+03:00),5.021670717594194
Sun May 25 2025 23:07:00 GMT+0300 (GMT+03:00),4.541225163973104
Sun May 25 2025 23:08:00 GMT+0300 (GMT+03:00),5.026228583882585
Sun May 25 2025 23:09:00 GMT+0300 (GMT+03:00),5.0257769623416
Sun May 25 2025 23:10:00 GMT+0300 (GMT+03:00),5.021795847992992
Sun May 25 2025 23:11:00 GMT+0300 (GMT+03:00),5.041823784807942
Sun May 25 2025 23:12:00 GMT+0300 (GMT+03:00),5.0264344133063785
Sun May 25 2025 23:13:00 GMT+0300 (GMT+03:00),5.019210301451009
Sun May 25 2025 23:14:00 GMT+0300 (GMT+03:00),5.034176512610005
Sun May 25 2025 23:15:00 GMT+0300 (GMT+03:00),4.466178492873769
Sun May 25 2025 23:16:00 GMT+0300 (GMT+03:00),5.009278932816232
Sun May 25 2025 23:17:00 GMT+0300 (GMT+03:00),5.027679874550025
Sun May 25 2025 23:18:00 GMT+0300 (GMT+03:00),5.031289684889634
Sun May 25 2025 23:19:00 GMT+0300 (GMT+03:00),5.043049232118452
Sun May 25 2025 23:20:00 GMT+0300 (GMT+03:00),5.038788144651456
Sun May 25 2025 23:21:00 GMT+0300 (GMT+03:00),5.01049412895724
Sun May 25 2025 23:22:00 GMT+0300 (GMT+03:00),5.037829510286974
Sun May 25 2025 23:23:00 GMT+0300 (GMT+03:00),5.029751162267045
Sun May 25 2025 23:24:00 GMT+0300 (GMT+03:00),4.220845918285886
Sun May 25 2025 23:25:00 GMT+0300 (GMT+03:00),5.025922812655578
Sun May 25 2025 23:26:00 GMT+0300 (GMT+03:00),5.038058507411491
Sun May 25 2025 23:27:00 GMT+0300 (GMT+03:00),5.027973644389446
Sun May 25 2025 23:28:00 GMT+0300 (GMT+03:00),5.004772606631377
Sun May 25 2025 23:29:00 GMT+0300 (GMT+03:00),4.100063129850605
Sun May 25 2025 23:30:00 GMT+0300 (GMT+03:00),5.044055513479725
Sun May 25 2025 23:31:00 GMT+0300 (GMT+03:00),5.030292863759739
Sun May 25 2025 23:32:00 GMT+0300 (GMT+03:00),5.023642082915285
Sun May 25 2025 23:33:00 GMT+0300 (GMT+03:00),5.00281941453286
Sun May 25 2025 23:34:00 GMT+0300 (GMT+03:00),5.0364124596656135
Sun May 25 2025 23:35:00 GMT+0300 (GMT+03:00),5.0264586271878215
Sun May 25 2025 23:36:00 GMT+0300 (GMT+03:00),5.027566822529419
Sun May 25 2025 23:37:00 GMT+0300 (GMT+03:00),5.044170294939916
Sun May 25 2025 23:38:00 GMT+0300 (GMT+03:00),5.00931330904629
Sun May 25 2025 23:39:00 GMT+0300 (GMT+03:00),5.040675475257861
Sun May 25 2025 23:40:00 GMT+0300 (GMT+03:00),5.014538881111548
Sun May 25 2025 23:41:00 GMT+0300 (GMT+03:00),5.02183390052578
Sun May 25 2025 23:42:00 GMT+0300 (GMT+03:00),5.039578361762506
Sun May 25 2025 23:43:00 GMT+0300 (GMT+03:00),5.013195534984091
Sun May 25 2025 23:44:00 GMT+0300 (GMT+03:00),5.041889667649412
Sun May 25 2025 23:45:00 GMT+0300 (GMT+03:00),5.015158021822269
Sun May 25 2025 23:46:00 GMT+0300 (GMT+03:00),5.01531397366701
Sun May 25 2025 23:47:00 GMT+0300 (GMT+03:00),4.826091936186398
Sun May 25 2025 23:48:00 GMT+0300 (GMT+03:00),5.023077639062588
Sun May 25 2025 23:49:00 GMT+0300 (GMT+03:00),5.019830459772008
Sun May 25 2025 23:50:00 GMT+0300 (GMT+03:00),5.039577749250748
Sun May 25 2025 23:51:00 GMT+0300 (GMT+03:00),5.025927810415487
Sun May 25 2025 23:52:00 GMT+0300 (GMT+03:00),5.032601538725855
Sun May 25 2025 23:53:00 GMT+0300 (GMT+03:00),5.014809847154296
Sun May 25 2025 23:54:00 GMT+0300 (GMT+03:00),5.0258106652186445
Sun May 25 2025 23:55:00 GMT+0300 (GMT+03:00),4.434608562845582
Sun May 25 2025 23:56:00 GMT+0300 (GMT+03:00),5.02369824106651
Sun May 25 2025 23:57:00 GMT+0300 (GMT+03:00),5.03545362325076
Sun May 25 2025 23:58:00 GMT+0300 (GMT+03:00),5.027445151218247
Sun May 25 2025 23:59:00 GMT+0300 (GMT+03:00),5.015203889973418
Mon May 26 2025 00:00:00 GMT+0300 (GMT+03:00),5.0410359512907235
Mon May 26 2025 00:01:00 GMT+0300 (GMT+03:00),5.018046755565107
Mon May 26 2025 00:02:00 GMT+0300 (GMT+03:00),5.038203594521595
Mon May 26 2025 00:03:00 GMT+0300 (GMT+03:00),5.0143887961897535
Mon May 26 2025 00:04:00 GMT+0300 (GMT+03:00),5.033303714698195
Mon May 26 2025 00:05:00 GMT+0300 (GMT+03:00),5.0318418217106835
Mon May 26 2025 00:06:00 GMT+0300 (GMT+03:00),5.018604186915279
Mon May 26 2025 00:07:00 GMT+0300 (GMT+03:00),5.036791861004228
Mon May 26 2025 00:08:00 GMT+0300 (GMT+03:00),5.0206842561234835
Mon May 26 2025 00:09:00 GMT+0300 (GMT+03:00),4.221709394236616
Mon May 26 2025 00:10:00 GMT+0300 (GMT+03:00),5.043885110514323
Mon May 26 2025 00:11:00 GMT+0300 (GMT+03:00),5.013817208084098
Mon May 26 2025 00:12:00 GMT+0300 (GMT+03:00),5.017171298111801
Mon May 26 2025 00:13:00 GMT+0300 (GMT+03:00),5.037983782556754
Mon May 26 2025 00:14:00 GMT+0300 (GMT+03:00),5.024789996741917
Mon May 26 2025 00:15:00 GMT+0300 (GMT+03:00),5.015708138612293
Mon May 26 2025 00:16:00 GMT+0300 (GMT+03:00),5.05181322977575
Mon May 26 2025 00:18:00 GMT+0300 (GMT+03:00),5.046029961053501
Mon May 26 2025 00:19:00 GMT+0300 (GMT+03:00),5.0271817536427985
Mon May 26 2025 00:20:00 GMT+0300 (GMT+03:00),5.0150403733722975
Mon May 26 2025 00:21:00 GMT+0300 (GMT+03:00),5.020948270869727
Mon May 26 2025 00:22:00 GMT+0300 (GMT+03:00),5.018067066725052
Mon May 26 2025 00:23:00 GMT+0300 (GMT+03:00),5.053647056411925
Mon May 26 2025 00:24:00 GMT+0300 (GMT+03:00),5.030368252244746
Mon May 26 2025 00:25:00 GMT+0300 (GMT+03:00),5.021195757271077
Mon May 26 2025 00:26:00 GMT+0300 (GMT+03:00),5.039144250172163
Mon May 26 2025 00:27:00 GMT+0300 (GMT+03:00),5.041425792764252
Mon May 26 2025 00:28:00 GMT+0300 (GMT+03:00),5.006491707974177
Mon May 26 2025 00:29:00 GMT+0300 (GMT+03:00),4.015308542887094
Mon May 26 2025 00:30:00 GMT+0300 (GMT+03:00),4.812228576062443
Mon May 26 2025 00:31:00 GMT+0300 (GMT+03:00),5.033900721327033
Mon May 26 2025 00:32:00 GMT+0300 (GMT+03:00),5.037374178726713
Mon May 26 2025 00:33:00 GMT+0300 (GMT+03:00),5.011663089052369
Mon May 26 2025 00:34:00 GMT+0300 (GMT+03:00),5.030524885743762