TimeSeries ID,container/billable_instance_time.cloud_run_revision.ALIGN_RATE.REDUCE_SUM.metric.type="run.googleapis.com/container/billable_instance_time" resource.type="cloud_run_revision" AND resource.labels."location"="us-central1" AND resource.labels."project_id"="llm-workload-characterization" AND resource.labels."service_name"="ollama-gemma".+60s.project_id:llm-workload-characterization.service_name:ollama-gemma
project_id,llm-workload-characterization
service_name,ollama-gemma
Fri May 23 2025 12:50:00 GMT+0300 (GMT+03:00),0.503842688465394
Fri May 23 2025 12:51:00 GMT+0300 (GMT+03:00),3.0408451573524364
Fri May 23 2025 12:52:00 GMT+0300 (GMT+03:00),3.009302327468548
Fri May 23 2025 12:53:00 GMT+0300 (GMT+03:00),3.0034237550151577
Fri May 23 2025 12:54:00 GMT+0300 (GMT+03:00),3.009952561207874
Fri May 23 2025 12:55:00 GMT+0300 (GMT+03:00),3.0036313905424596
Fri May 23 2025 12:56:00 GMT+0300 (GMT+03:00),3.0111644145432335
Fri May 23 2025 12:57:00 GMT+0300 (GMT+03:00),3.0037141268249288
Fri May 23 2025 12:58:00 GMT+0300 (GMT+03:00),3.0094355682471274
Fri May 23 2025 12:59:00 GMT+0300 (GMT+03:00),3.0051132307025834
Fri May 23 2025 13:00:00 GMT+0300 (GMT+03:00),3.0041288396256656
Fri May 23 2025 13:01:00 GMT+0300 (GMT+03:00),3.0096692266889136
Fri May 23 2025 13:02:00 GMT+0300 (GMT+03:00),3.004996251608922
Fri May 23 2025 13:03:00 GMT+0300 (GMT+03:00),3.0082513874828503
Fri May 23 2025 13:04:00 GMT+0300 (GMT+03:00),2.9736572376739048
Fri May 23 2025 13:05:00 GMT+0300 (GMT+03:00),3.0052018089166683
Fri May 23 2025 13:06:00 GMT+0300 (GMT+03:00),3.0121232563833322
Fri May 23 2025 13:07:00 GMT+0300 (GMT+03:00),3.0023176420333337
Fri May 23 2025 13:08:00 GMT+0300 (GMT+03:00),3.0113331987999987
Fri May 23 2025 13:09:00 GMT+0300 (GMT+03:00),3.003582145533335
Fri May 23 2025 13:10:00 GMT+0300 (GMT+03:00),3.0052599069666637
Fri May 23 2025 13:11:00 GMT+0300 (GMT+03:00),3.009816250183337
Fri May 23 2025 13:12:00 GMT+0300 (GMT+03:00),3.005003458733332
Fri May 23 2025 13:13:00 GMT+0300 (GMT+03:00),3.0064997486166667
Fri May 23 2025 13:14:00 GMT+0300 (GMT+03:00),3.0067719348999997
Fri May 23 2025 13:15:00 GMT+0300 (GMT+03:00),3.00640894166667
Fri May 23 2025 13:16:00 GMT+0300 (GMT+03:00),3.0103210199166637
Fri May 23 2025 13:17:00 GMT+0300 (GMT+03:00),3.0021685410666654
Fri May 23 2025 13:18:00 GMT+0300 (GMT+03:00),3.0064096577666684
Fri May 23 2025 13:19:00 GMT+0300 (GMT+03:00),3.0096117843
Fri May 23 2025 13:20:00 GMT+0300 (GMT+03:00),3.0054612975166646
Fri May 23 2025 13:21:00 GMT+0300 (GMT+03:00),3.007845700733333
Fri May 23 2025 13:22:00 GMT+0300 (GMT+03:00),3.005541912266669
Fri May 23 2025 13:23:00 GMT+0300 (GMT+03:00),3.0049395287
Fri May 23 2025 13:24:00 GMT+0300 (GMT+03:00),3.008278578533335
Fri May 23 2025 13:25:00 GMT+0300 (GMT+03:00),3.0051041330833264
Fri May 23 2025 13:26:00 GMT+0300 (GMT+03:00),3.0081441762333347
Fri May 23 2025 13:27:00 GMT+0300 (GMT+03:00),3.0056920541333434
Fri May 23 2025 13:28:00 GMT+0300 (GMT+03:00),3.008281786233336
Fri May 23 2025 13:29:00 GMT+0300 (GMT+03:00),3.0090593862499873
Fri May 23 2025 13:30:00 GMT+0300 (GMT+03:00),3.003461870800008
Fri May 23 2025 13:31:00 GMT+0300 (GMT+03:00),3.009473204666665
Fri May 23 2025 13:32:00 GMT+0300 (GMT+03:00),3.0056658411666604
Fri May 23 2025 13:33:00 GMT+0300 (GMT+03:00),3.0037457419833347
Fri May 23 2025 13:34:00 GMT+0300 (GMT+03:00),3.0080385388166633
Fri May 23 2025 13:35:00 GMT+0300 (GMT+03:00),3.0080235553000043
Fri May 23 2025 13:36:00 GMT+0300 (GMT+03:00),3.0072700243166763
Fri May 23 2025 13:37:00 GMT+0300 (GMT+03:00),3.0035709345499906
Fri May 23 2025 13:38:00 GMT+0300 (GMT+03:00),3.011758309316671
Fri May 23 2025 13:39:00 GMT+0300 (GMT+03:00),3.0032846882499977
Fri May 23 2025 13:40:00 GMT+0300 (GMT+03:00),3.010041532366669
Fri May 23 2025 13:41:00 GMT+0300 (GMT+03:00),3.0037634329166623
Fri May 23 2025 13:42:00 GMT+0300 (GMT+03:00),3.00535544378334
Fri May 23 2025 13:43:00 GMT+0300 (GMT+03:00),3.012643254849998
Fri May 23 2025 13:44:00 GMT+0300 (GMT+03:00),3.003679659450002
Fri May 23 2025 13:45:00 GMT+0300 (GMT+03:00),3.0082227391499905
Fri May 23 2025 13:46:00 GMT+0300 (GMT+03:00),3.00398425050001
Fri May 23 2025 13:47:00 GMT+0300 (GMT+03:00),2.565084135237453
Fri May 23 2025 13:48:00 GMT+0300 (GMT+03:00),3.0101891239298464
Fri May 23 2025 13:49:00 GMT+0300 (GMT+03:00),3.0074470099348067
Fri May 23 2025 13:50:00 GMT+0300 (GMT+03:00),3.005817858902424
Fri May 23 2025 13:51:00 GMT+0300 (GMT+03:00),3.005492069130696
Fri May 23 2025 13:52:00 GMT+0300 (GMT+03:00),3.006789967706853
Fri May 23 2025 13:53:00 GMT+0300 (GMT+03:00),3.0081512218188893
Fri May 23 2025 13:54:00 GMT+0300 (GMT+03:00),3.007576894837204
Fri May 23 2025 13:55:00 GMT+0300 (GMT+03:00),3.0078852713739708
Fri May 23 2025 13:56:00 GMT+0300 (GMT+03:00),3.0026220512833715
Fri May 23 2025 13:57:00 GMT+0300 (GMT+03:00),3.0082635828310837
Fri May 23 2025 13:58:00 GMT+0300 (GMT+03:00),3.008069128610653
Fri May 23 2025 13:59:00 GMT+0300 (GMT+03:00),3.0090750920849585
Fri May 23 2025 14:00:00 GMT+0300 (GMT+03:00),3.007868083850129
Fri May 23 2025 14:01:00 GMT+0300 (GMT+03:00),3.0042974134570612
Fri May 23 2025 14:02:00 GMT+0300 (GMT+03:00),3.008080437668332
Fri May 23 2025 14:03:00 GMT+0300 (GMT+03:00),3.006408079014682
Fri May 23 2025 14:04:00 GMT+0300 (GMT+03:00),3.007753111834078
Fri May 23 2025 14:05:00 GMT+0300 (GMT+03:00),3.0081830460522876
Fri May 23 2025 14:06:00 GMT+0300 (GMT+03:00),3.0041651260641475
Fri May 23 2025 14:07:00 GMT+0300 (GMT+03:00),3.009573914300775
Fri May 23 2025 14:08:00 GMT+0300 (GMT+03:00),3.004171037670888
Fri May 23 2025 14:09:00 GMT+0300 (GMT+03:00),3.0074645920321017
Fri May 23 2025 14:10:00 GMT+0300 (GMT+03:00),3.0097351269816195
Fri May 23 2025 14:11:00 GMT+0300 (GMT+03:00),3.004028736153896
Fri May 23 2025 14:12:00 GMT+0300 (GMT+03:00),3.008083270775357
Fri May 23 2025 14:13:00 GMT+0300 (GMT+03:00),3.005147364379991
Fri May 23 2025 14:14:00 GMT+0300 (GMT+03:00),3.0092346742727236
Fri May 23 2025 14:15:00 GMT+0300 (GMT+03:00),3.006957047473634
Fri May 23 2025 14:16:00 GMT+0300 (GMT+03:00),3.006747303402153
Fri May 23 2025 14:17:00 GMT+0300 (GMT+03:00),3.0083284752397654
Fri May 23 2025 14:18:00 GMT+0300 (GMT+03:00),3.005453940287619
Fri May 23 2025 14:19:00 GMT+0300 (GMT+03:00),3.0079555509108102
Fri May 23 2025 14:20:00 GMT+0300 (GMT+03:00),3.006897582367037
Fri May 23 2025 14:21:00 GMT+0300 (GMT+03:00),3.0069881214673084
Fri May 23 2025 14:22:00 GMT+0300 (GMT+03:00),3.006039956512298
Fri May 23 2025 14:23:00 GMT+0300 (GMT+03:00),3.0067130509935396
Fri May 23 2025 14:24:00 GMT+0300 (GMT+03:00),3.0072394074768605
Fri May 23 2025 14:25:00 GMT+0300 (GMT+03:00),3.0071668560310627
Fri May 23 2025 14:26:00 GMT+0300 (GMT+03:00),3.0095304485256746
Fri May 23 2025 14:27:00 GMT+0300 (GMT+03:00),3.005361902163092
Fri May 23 2025 14:28:00 GMT+0300 (GMT+03:00),3.0069522603703716
Fri May 23 2025 14:29:00 GMT+0300 (GMT+03:00),3.0061316354303775
Fri May 23 2025 14:30:00 GMT+0300 (GMT+03:00),3.0069625164707303
Fri May 23 2025 14:31:00 GMT+0300 (GMT+03:00),3.0087636423805177
Fri May 23 2025 14:32:00 GMT+0300 (GMT+03:00),3.0055616778571523
Fri May 23 2025 14:33:00 GMT+0300 (GMT+03:00),3.007865546456772
Fri May 23 2025 14:34:00 GMT+0300 (GMT+03:00),3.007818051531164
Fri May 23 2025 14:35:00 GMT+0300 (GMT+03:00),3.005810999518917
Fri May 23 2025 14:36:00 GMT+0300 (GMT+03:00),3.007055783317416
Fri May 23 2025 14:37:00 GMT+0300 (GMT+03:00),3.0086375618892816
Fri May 23 2025 14:38:00 GMT+0300 (GMT+03:00),3.0078976759033442
Fri May 23 2025 14:39:00 GMT+0300 (GMT+03:00),3.0102452218158913
Fri May 23 2025 14:40:00 GMT+0300 (GMT+03:00),3.00539533939312
Fri May 23 2025 14:41:00 GMT+0300 (GMT+03:00),3.007838784998542
Fri May 23 2025 14:42:00 GMT+0300 (GMT+03:00),3.0055503937385613
Fri May 23 2025 14:43:00 GMT+0300 (GMT+03:00),3.0068057895178906
Fri May 23 2025 14:44:00 GMT+0300 (GMT+03:00),3.007351623641474
Fri May 23 2025 14:45:00 GMT+0300 (GMT+03:00),3.0097047653228555
Fri May 23 2025 14:46:00 GMT+0300 (GMT+03:00),3.004496681227389
Fri May 23 2025 14:47:00 GMT+0300 (GMT+03:00),3.0066092723460014
Fri May 23 2025 14:48:00 GMT+0300 (GMT+03:00),3.0065587410444246
Fri May 23 2025 14:49:00 GMT+0300 (GMT+03:00),3.0098724654385176
Fri May 23 2025 14:50:00 GMT+0300 (GMT+03:00),3.0082838491890014
Fri May 23 2025 14:51:00 GMT+0300 (GMT+03:00),3.0062293081156897
Fri May 23 2025 14:52:00 GMT+0300 (GMT+03:00),3.003048038240922
Fri May 23 2025 14:53:00 GMT+0300 (GMT+03:00),3.007040251721234
Fri May 23 2025 14:54:00 GMT+0300 (GMT+03:00),3.0100450206484917
Fri May 23 2025 14:55:00 GMT+0300 (GMT+03:00),3.00900091654186
Fri May 23 2025 14:56:00 GMT+0300 (GMT+03:00),3.0054164789192783
Fri May 23 2025 14:57:00 GMT+0300 (GMT+03:00),3.0035487378933037
Fri May 23 2025 14:58:00 GMT+0300 (GMT+03:00),3.0101000483792935
Fri May 23 2025 14:59:00 GMT+0300 (GMT+03:00),3.011110491582349
Fri May 23 2025 15:00:00 GMT+0300 (GMT+03:00),3.006703270988692
Fri May 23 2025 15:01:00 GMT+0300 (GMT+03:00),3.0059945189912773
Fri May 23 2025 15:02:00 GMT+0300 (GMT+03:00),3.0057074004116355
Fri May 23 2025 15:03:00 GMT+0300 (GMT+03:00),3.0059965593802493
Fri May 23 2025 15:04:00 GMT+0300 (GMT+03:00),3.0095367551981327
Fri May 23 2025 15:05:00 GMT+0300 (GMT+03:00),3.0071869660466137
Fri May 23 2025 15:06:00 GMT+0300 (GMT+03:00),3.006555219406027
Fri May 23 2025 15:07:00 GMT+0300 (GMT+03:00),3.007393067571047
Fri May 23 2025 15:08:00 GMT+0300 (GMT+03:00),3.0082750554214726
Fri May 23 2025 15:09:00 GMT+0300 (GMT+03:00),3.008450544082492
Fri May 23 2025 15:10:00 GMT+0300 (GMT+03:00),3.0059571441346633
Fri May 23 2025 15:11:00 GMT+0300 (GMT+03:00),3.008952219179446
Fri May 23 2025 15:12:00 GMT+0300 (GMT+03:00),3.0056256771579988
Fri May 23 2025 15:13:00 GMT+0300 (GMT+03:00),3.0059869322902766
Fri May 23 2025 15:14:00 GMT+0300 (GMT+03:00),3.008243254337958
Fri May 23 2025 15:15:00 GMT+0300 (GMT+03:00),3.006573006203568
Fri May 23 2025 15:16:00 GMT+0300 (GMT+03:00),3.0065120006181134
Fri May 23 2025 15:17:00 GMT+0300 (GMT+03:00),2.4398293448637256
Fri May 23 2025 15:18:00 GMT+0300 (GMT+03:00),3.0112345439333392
Fri May 23 2025 15:19:00 GMT+0300 (GMT+03:00),3.002302820466684
Fri May 23 2025 15:20:00 GMT+0300 (GMT+03:00),3.011666423266676
Fri May 23 2025 15:21:00 GMT+0300 (GMT+03:00),3.0015112852833226
Fri May 23 2025 15:22:00 GMT+0300 (GMT+03:00),3.009244554633339
Fri May 23 2025 15:23:00 GMT+0300 (GMT+03:00),3.0083838807166408
Fri May 23 2025 15:24:00 GMT+0300 (GMT+03:00),3.0079440193333538
Fri May 23 2025 15:25:00 GMT+0300 (GMT+03:00),3.0073324368166445
Fri May 23 2025 15:26:00 GMT+0300 (GMT+03:00),3.0020453049833424
Fri May 23 2025 15:27:00 GMT+0300 (GMT+03:00),3.011796884100022
Fri May 23 2025 15:28:00 GMT+0300 (GMT+03:00),3.0035685547999793
Fri May 23 2025 15:29:00 GMT+0300 (GMT+03:00),3.007960341350008
Fri May 23 2025 15:30:00 GMT+0300 (GMT+03:00),3.00833890611666
Fri May 23 2025 15:31:00 GMT+0300 (GMT+03:00),3.00696015316665
Fri May 23 2025 15:32:00 GMT+0300 (GMT+03:00),3.0070075242833507
Fri May 23 2025 15:33:00 GMT+0300 (GMT+03:00),3.0070261469999724
Fri May 23 2025 15:34:00 GMT+0300 (GMT+03:00),3.0069385581500074
Fri May 23 2025 15:35:00 GMT+0300 (GMT+03:00),3.0047980650000077
Fri May 23 2025 15:36:00 GMT+0300 (GMT+03:00),3.01091267365
Fri May 23 2025 15:37:00 GMT+0300 (GMT+03:00),3.0021611339167067
Fri May 23 2025 15:38:00 GMT+0300 (GMT+03:00),3.0141993934499625
Fri May 23 2025 15:39:00 GMT+0300 (GMT+03:00),3.0053746995500052
Fri May 23 2025 15:40:00 GMT+0300 (GMT+03:00),3.0098762021666516
Fri May 23 2025 15:41:00 GMT+0300 (GMT+03:00),3.0077145671166665
Fri May 23 2025 15:42:00 GMT+0300 (GMT+03:00),3.0038435329500315
Fri May 23 2025 15:43:00 GMT+0300 (GMT+03:00),3.009940836099971
Fri May 23 2025 15:44:00 GMT+0300 (GMT+03:00),3.0085883057833294
Fri May 23 2025 15:45:00 GMT+0300 (GMT+03:00),3.00250379830004
Fri May 23 2025 15:46:00 GMT+0300 (GMT+03:00),3.0099025686666208
Fri May 23 2025 15:47:00 GMT+0300 (GMT+03:00),3.0055032504000034
Fri May 23 2025 15:48:00 GMT+0300 (GMT+03:00),3.009426803566688
Fri May 23 2025 15:49:00 GMT+0300 (GMT+03:00),3.0070490357666433
Fri May 23 2025 15:50:00 GMT+0300 (GMT+03:00),3.0094695159666722
Fri May 23 2025 15:51:00 GMT+0300 (GMT+03:00),3.0071528430666756
Fri May 23 2025 15:52:00 GMT+0300 (GMT+03:00),3.006556872116683
Fri May 23 2025 15:53:00 GMT+0300 (GMT+03:00),3.0042973128166524
Fri May 23 2025 15:54:00 GMT+0300 (GMT+03:00),3.0086832642499757
Fri May 23 2025 15:55:00 GMT+0300 (GMT+03:00),3.0085403591166746
Fri May 23 2025 15:56:00 GMT+0300 (GMT+03:00),3.00368564666666
Fri May 23 2025 15:57:00 GMT+0300 (GMT+03:00),3.008202579033362
Fri May 23 2025 15:58:00 GMT+0300 (GMT+03:00),3.010633880049985
Fri May 23 2025 15:59:00 GMT+0300 (GMT+03:00),3.0080291880666965
Fri May 23 2025 16:00:00 GMT+0300 (GMT+03:00),3.006032626749978
Fri May 23 2025 16:01:00 GMT+0300 (GMT+03:00),3.008392757149977
Fri May 23 2025 16:02:00 GMT+0300 (GMT+03:00),3.002822458316708
Fri May 23 2025 16:03:00 GMT+0300 (GMT+03:00),3.0053123281832996
Fri May 23 2025 16:04:00 GMT+0300 (GMT+03:00),3.010303026899995
Fri May 23 2025 16:05:00 GMT+0300 (GMT+03:00),3.0073309645333817
Fri May 23 2025 16:06:00 GMT+0300 (GMT+03:00),3.008687644999979
Fri May 23 2025 16:07:00 GMT+0300 (GMT+03:00),3.011070102266664
Fri May 23 2025 16:08:00 GMT+0300 (GMT+03:00),3.007389236216659
Fri May 23 2025 16:09:00 GMT+0300 (GMT+03:00),3.0007013799666917
Fri May 23 2025 16:10:00 GMT+0300 (GMT+03:00),3.012248009033283
Fri May 23 2025 16:11:00 GMT+0300 (GMT+03:00),3.007948815033372
Fri May 23 2025 16:12:00 GMT+0300 (GMT+03:00),3.0085741736833067
Fri May 23 2025 16:13:00 GMT+0300 (GMT+03:00),3.0102306069166844
Fri May 23 2025 16:14:00 GMT+0300 (GMT+03:00),3.003643293933328
Fri May 23 2025 16:15:00 GMT+0300 (GMT+03:00),3.010316985516662
Fri May 23 2025 16:16:00 GMT+0300 (GMT+03:00),3.0007517741500123
Fri May 23 2025 16:17:00 GMT+0300 (GMT+03:00),3.0107711429333297
Fri May 23 2025 16:18:00 GMT+0300 (GMT+03:00),3.0064955556500235
Fri May 23 2025 16:19:00 GMT+0300 (GMT+03:00),3.0071080057499784
Fri May 23 2025 16:20:00 GMT+0300 (GMT+03:00),3.0077064607166903
Fri May 23 2025 16:21:00 GMT+0300 (GMT+03:00),3.010208892083301
Fri May 23 2025 16:22:00 GMT+0300 (GMT+03:00),3.002313692533365
Fri May 23 2025 16:23:00 GMT+0300 (GMT+03:00),3.0072965631999673
Fri May 23 2025 16:24:00 GMT+0300 (GMT+03:00),3.0110584364500026
Fri May 23 2025 16:25:00 GMT+0300 (GMT+03:00),3.008724192933338
Fri May 23 2025 16:26:00 GMT+0300 (GMT+03:00),3.000301807966662
Fri May 23 2025 16:27:00 GMT+0300 (GMT+03:00),3.0087872273500276
Fri May 23 2025 16:28:00 GMT+0300 (GMT+03:00),3.009322035533296
Fri May 23 2025 16:29:00 GMT+0300 (GMT+03:00),3.0063726663666785
Fri May 23 2025 16:30:00 GMT+0300 (GMT+03:00),3.0066912777333528
Fri May 23 2025 16:31:00 GMT+0300 (GMT+03:00),3.005914934349979
Fri May 23 2025 16:32:00 GMT+0300 (GMT+03:00),3.009516144266672
Fri May 23 2025 16:33:00 GMT+0300 (GMT+03:00),3.0105710245333586
Fri May 23 2025 16:34:00 GMT+0300 (GMT+03:00),3.004508709466639
Fri May 23 2025 16:35:00 GMT+0300 (GMT+03:00),3.0059959295166663
Fri May 23 2025 16:36:00 GMT+0300 (GMT+03:00),3.0090271824333588
Fri May 23 2025 16:37:00 GMT+0300 (GMT+03:00),3.0074781119999594
Fri May 23 2025 16:38:00 GMT+0300 (GMT+03:00),3.012377679300031
Fri May 23 2025 16:39:00 GMT+0300 (GMT+03:00),3.005210995999975
Fri May 23 2025 16:40:00 GMT+0300 (GMT+03:00),3.006242951450046
Fri May 23 2025 16:41:00 GMT+0300 (GMT+03:00),3.006930650483294
Fri May 23 2025 16:42:00 GMT+0300 (GMT+03:00),3.0070178996333197
Fri May 23 2025 16:43:00 GMT+0300 (GMT+03:00),3.011633788616655
Fri May 23 2025 16:44:00 GMT+0300 (GMT+03:00),3.0057539356166973
Fri May 23 2025 16:45:00 GMT+0300 (GMT+03:00),2.5667186578936403
Fri May 23 2025 16:46:00 GMT+0300 (GMT+03:00),3.0064039788423544
Fri May 23 2025 16:47:00 GMT+0300 (GMT+03:00),3.005433808044988
Fri May 23 2025 16:48:00 GMT+0300 (GMT+03:00),3.0080786171303466
Fri May 23 2025 16:49:00 GMT+0300 (GMT+03:00),3.010476353394764
Fri May 23 2025 16:50:00 GMT+0300 (GMT+03:00),3.008207110585105
Fri May 23 2025 16:51:00 GMT+0300 (GMT+03:00),3.0055135999765903
Fri May 23 2025 16:52:00 GMT+0300 (GMT+03:00),3.005398969122507
Fri May 23 2025 16:53:00 GMT+0300 (GMT+03:00),3.008617202315963
Fri May 23 2025 16:54:00 GMT+0300 (GMT+03:00),3.0109450191963636
Fri May 23 2025 16:55:00 GMT+0300 (GMT+03:00),3.009049931874415
Fri May 23 2025 16:56:00 GMT+0300 (GMT+03:00),3.0057534572776907
Fri May 23 2025 16:57:00 GMT+0300 (GMT+03:00),3.0050196815616195
Fri May 23 2025 16:58:00 GMT+0300 (GMT+03:00),3.0063989391271813
Fri May 23 2025 16:59:00 GMT+0300 (GMT+03:00),3.008144817797074
Fri May 23 2025 17:00:00 GMT+0300 (GMT+03:00),3.0100767127324315
Fri May 23 2025 17:01:00 GMT+0300 (GMT+03:00),3.009450592458173
Fri May 23 2025 17:02:00 GMT+0300 (GMT+03:00),3.0090906093886587
Fri May 23 2025 17:03:00 GMT+0300 (GMT+03:00),3.0049848322921813
Fri May 23 2025 17:04:00 GMT+0300 (GMT+03:00),3.0079409505679298
Fri May 23 2025 17:05:00 GMT+0300 (GMT+03:00),3.007176028518006
Fri May 23 2025 17:06:00 GMT+0300 (GMT+03:00),3.0072447858594082
Fri May 23 2025 17:07:00 GMT+0300 (GMT+03:00),3.0058676877760564
Fri May 23 2025 17:08:00 GMT+0300 (GMT+03:00),3.0086001118081187
Fri May 23 2025 17:09:00 GMT+0300 (GMT+03:00),3.0065310468164474
Fri May 23 2025 17:10:00 GMT+0300 (GMT+03:00),3.0094806640609324
Fri May 23 2025 17:11:00 GMT+0300 (GMT+03:00),3.0055709606224807
Fri May 23 2025 17:12:00 GMT+0300 (GMT+03:00),3.0063216626251235
Fri May 23 2025 17:13:00 GMT+0300 (GMT+03:00),3.0114050585372447
Fri May 23 2025 17:14:00 GMT+0300 (GMT+03:00),3.007169546305522
Fri May 23 2025 17:15:00 GMT+0300 (GMT+03:00),3.0056996089859846
Fri May 23 2025 17:16:00 GMT+0300 (GMT+03:00),3.007393496632873
Fri May 23 2025 17:17:00 GMT+0300 (GMT+03:00),3.0059138253737427
Fri May 23 2025 17:18:00 GMT+0300 (GMT+03:00),3.0086692587976964
Fri May 23 2025 17:19:00 GMT+0300 (GMT+03:00),3.007017350573339
Fri May 23 2025 17:20:00 GMT+0300 (GMT+03:00),3.0084899946552164
Fri May 23 2025 17:21:00 GMT+0300 (GMT+03:00),3.008409306755129
Fri May 23 2025 17:22:00 GMT+0300 (GMT+03:00),3.0073251612021523
Fri May 23 2025 17:23:00 GMT+0300 (GMT+03:00),3.0073435596442324
Fri May 23 2025 17:24:00 GMT+0300 (GMT+03:00),3.008835823693395
Fri May 23 2025 17:25:00 GMT+0300 (GMT+03:00),3.006287528306105
Fri May 23 2025 17:26:00 GMT+0300 (GMT+03:00),3.0088081615142075
Fri May 23 2025 17:27:00 GMT+0300 (GMT+03:00),3.008149134066177
Fri May 23 2025 17:28:00 GMT+0300 (GMT+03:00),3.008099635157123
Fri May 23 2025 17:29:00 GMT+0300 (GMT+03:00),3.0059958832969036
Fri May 23 2025 17:30:00 GMT+0300 (GMT+03:00),3.0061836769618213
Fri May 23 2025 17:31:00 GMT+0300 (GMT+03:00),3.008386914297383
Fri May 23 2025 17:32:00 GMT+0300 (GMT+03:00),3.0084060028437305
Fri May 23 2025 17:33:00 GMT+0300 (GMT+03:00),3.005243345748689
Fri May 23 2025 17:34:00 GMT+0300 (GMT+03:00),3.009969329486739
Fri May 23 2025 17:35:00 GMT+0300 (GMT+03:00),3.009503657255603
Fri May 23 2025 17:36:00 GMT+0300 (GMT+03:00),3.008706796985522
Fri May 23 2025 17:37:00 GMT+0300 (GMT+03:00),3.0087711152344734
Fri May 23 2025 17:38:00 GMT+0300 (GMT+03:00),3.0060304554256314
Fri May 23 2025 17:39:00 GMT+0300 (GMT+03:00),3.0083018158307215
Fri May 23 2025 17:40:00 GMT+0300 (GMT+03:00),3.008020202965842
Fri May 23 2025 17:41:00 GMT+0300 (GMT+03:00),3.00586244254561
Fri May 23 2025 17:42:00 GMT+0300 (GMT+03:00),3.0089391714358498
Fri May 23 2025 17:43:00 GMT+0300 (GMT+03:00),3.008980110854039
Fri May 23 2025 17:44:00 GMT+0300 (GMT+03:00),3.0058131759163493
Fri May 23 2025 17:45:00 GMT+0300 (GMT+03:00),3.0092915698539096
Fri May 23 2025 17:46:00 GMT+0300 (GMT+03:00),3.0092906226505876
Fri May 23 2025 17:47:00 GMT+0300 (GMT+03:00),3.0077198690603835
Fri May 23 2025 17:48:00 GMT+0300 (GMT+03:00),3.0086483773053865
Fri May 23 2025 17:49:00 GMT+0300 (GMT+03:00),3.0041641073096494
Fri May 23 2025 17:50:00 GMT+0300 (GMT+03:00),3.0052924464049284
Fri May 23 2025 17:51:00 GMT+0300 (GMT+03:00),3.007203442268413
Fri May 23 2025 17:52:00 GMT+0300 (GMT+03:00),3.010105410785703
Fri May 23 2025 17:53:00 GMT+0300 (GMT+03:00),3.008216588590403
Fri May 23 2025 17:54:00 GMT+0300 (GMT+03:00),3.007865349991759
Fri May 23 2025 17:55:00 GMT+0300 (GMT+03:00),3.009866609723819
Fri May 23 2025 17:56:00 GMT+0300 (GMT+03:00),3.0069406505666243
Fri May 23 2025 17:57:00 GMT+0300 (GMT+03:00),3.006255697478385
Fri May 23 2025 17:58:00 GMT+0300 (GMT+03:00),3.008387556521969
Fri May 23 2025 17:59:00 GMT+0300 (GMT+03:00),3.008463855588525
Fri May 23 2025 18:00:00 GMT+0300 (GMT+03:00),3.0037707996471
Fri May 23 2025 18:01:00 GMT+0300 (GMT+03:00),3.0069435136550964
Fri May 23 2025 18:02:00 GMT+0300 (GMT+03:00),3.010183888306407
Fri May 23 2025 18:03:00 GMT+0300 (GMT+03:00),3.0096096571524567
Fri May 23 2025 18:04:00 GMT+0300 (GMT+03:00),3.0105290074544127
Fri May 23 2025 18:05:00 GMT+0300 (GMT+03:00),3.0061711177962933
Fri May 23 2025 18:06:00 GMT+0300 (GMT+03:00),3.00728615995237
Fri May 23 2025 18:07:00 GMT+0300 (GMT+03:00),3.0059293478975935
Fri May 23 2025 18:08:00 GMT+0300 (GMT+03:00),3.0085089459340453
Fri May 23 2025 18:09:00 GMT+0300 (GMT+03:00),2.4420912238855332
Fri May 23 2025 18:10:00 GMT+0300 (GMT+03:00),3.0073205974499917
Fri May 23 2025 18:11:00 GMT+0300 (GMT+03:00),3.0086997761332896
Fri May 23 2025 18:12:00 GMT+0300 (GMT+03:00),3.0091788763667258
Fri May 23 2025 18:13:00 GMT+0300 (GMT+03:00),3.00413679254998
Fri May 23 2025 18:14:00 GMT+0300 (GMT+03:00),3.0059638042666847
Fri May 23 2025 18:15:00 GMT+0300 (GMT+03:00),3.0119540576666624
Fri May 23 2025 18:16:00 GMT+0300 (GMT+03:00),3.010924451683301
Fri May 23 2025 18:17:00 GMT+0300 (GMT+03:00),3.001952672133363
Fri May 23 2025 18:18:00 GMT+0300 (GMT+03:00),3.0079277872999226
Fri May 23 2025 18:19:00 GMT+0300 (GMT+03:00),3.0127150021834193
Fri May 23 2025 18:20:00 GMT+0300 (GMT+03:00),3.0081323434167038
Fri May 23 2025 18:21:00 GMT+0300 (GMT+03:00),3.009352557549937
Fri May 23 2025 18:22:00 GMT+0300 (GMT+03:00),3.0076191463500437
Fri May 23 2025 18:23:00 GMT+0300 (GMT+03:00),3.0041971211165825
Fri May 23 2025 18:24:00 GMT+0300 (GMT+03:00),3.005929356350013
Fri May 23 2025 18:25:00 GMT+0300 (GMT+03:00),3.009806005883365
Fri May 23 2025 18:26:00 GMT+0300 (GMT+03:00),3.0120754704500237
Fri May 23 2025 18:27:00 GMT+0300 (GMT+03:00),3.0080420364499636
Fri May 23 2025 18:28:00 GMT+0300 (GMT+03:00),3.0018469064833577
Fri May 23 2025 18:29:00 GMT+0300 (GMT+03:00),3.011511535150021
Fri May 23 2025 18:30:00 GMT+0300 (GMT+03:00),3.008826482600004
Fri May 23 2025 18:31:00 GMT+0300 (GMT+03:00),3.0084166899999523
Fri May 23 2025 18:32:00 GMT+0300 (GMT+03:00),3.005928461066651
Fri May 23 2025 18:33:00 GMT+0300 (GMT+03:00),3.005222005283334
Fri May 23 2025 18:34:00 GMT+0300 (GMT+03:00),3.011811400666678
Fri May 23 2025 18:35:00 GMT+0300 (GMT+03:00),3.0059991490500275
Fri May 23 2025 18:36:00 GMT+0300 (GMT+03:00),3.0086054741499537
Fri May 23 2025 18:37:00 GMT+0300 (GMT+03:00),3.0058507471333846
Fri May 23 2025 18:38:00 GMT+0300 (GMT+03:00),3.006315084483261
Fri May 23 2025 18:39:00 GMT+0300 (GMT+03:00),2.043084076076775
Fri May 23 2025 18:40:00 GMT+0300 (GMT+03:00),3.0126884639490528
Fri May 23 2025 18:41:00 GMT+0300 (GMT+03:00),3.0083686261249265
Fri May 23 2025 18:42:00 GMT+0300 (GMT+03:00),3.002025890446809
Fri May 23 2025 18:43:00 GMT+0300 (GMT+03:00),3.0122691614075543
Fri May 23 2025 18:44:00 GMT+0300 (GMT+03:00),3.005316634746062
Fri May 23 2025 18:45:00 GMT+0300 (GMT+03:00),3.00848172497881
Fri May 23 2025 18:46:00 GMT+0300 (GMT+03:00),3.0088421654241757
Fri May 23 2025 18:47:00 GMT+0300 (GMT+03:00),3.0070275199438887
Fri May 23 2025 18:48:00 GMT+0300 (GMT+03:00),3.006194377626707
Fri May 23 2025 18:49:00 GMT+0300 (GMT+03:00),3.0091103105987105
Fri May 23 2025 18:50:00 GMT+0300 (GMT+03:00),3.00817860454481
Fri May 23 2025 18:51:00 GMT+0300 (GMT+03:00),3.0059415683882738
Fri May 23 2025 18:52:00 GMT+0300 (GMT+03:00),3.007971264511434
Fri May 23 2025 18:53:00 GMT+0300 (GMT+03:00),3.0113898638774117
Fri May 23 2025 18:54:00 GMT+0300 (GMT+03:00),3.005038498823766
Fri May 23 2025 18:55:00 GMT+0300 (GMT+03:00),3.0053989901241343
Fri May 23 2025 18:56:00 GMT+0300 (GMT+03:00),3.0094014121799773
Fri May 23 2025 18:57:00 GMT+0300 (GMT+03:00),3.0131906636800827
Fri May 23 2025 18:58:00 GMT+0300 (GMT+03:00),3.009717797877905
Fri May 23 2025 18:59:00 GMT+0300 (GMT+03:00),3.0022650912069975
Fri May 23 2025 19:00:00 GMT+0300 (GMT+03:00),3.0081891687993143
Fri May 23 2025 19:01:00 GMT+0300 (GMT+03:00),3.0067393266196936
Fri May 23 2025 19:02:00 GMT+0300 (GMT+03:00),3.01509724504546
Fri May 23 2025 19:03:00 GMT+0300 (GMT+03:00),3.0043711805334774
Fri May 23 2025 19:04:00 GMT+0300 (GMT+03:00),3.0075464216047596
Fri May 23 2025 19:05:00 GMT+0300 (GMT+03:00),3.006575174024692
Fri May 23 2025 19:06:00 GMT+0300 (GMT+03:00),3.0136925276570157
Fri May 23 2025 19:07:00 GMT+0300 (GMT+03:00),3.001094782263438
Fri May 23 2025 19:08:00 GMT+0300 (GMT+03:00),3.0136552299726946
Fri May 23 2025 19:09:00 GMT+0300 (GMT+03:00),3.0075572193144278
Fri May 23 2025 19:10:00 GMT+0300 (GMT+03:00),3.0041723443427446
Fri May 23 2025 19:11:00 GMT+0300 (GMT+03:00),3.0123768100568973
Fri May 23 2025 19:12:00 GMT+0300 (GMT+03:00),3.0024846353105508
Fri May 23 2025 19:13:00 GMT+0300 (GMT+03:00),3.0131547373814707
Fri May 23 2025 19:14:00 GMT+0300 (GMT+03:00),3.009779325582167
Fri May 23 2025 19:15:00 GMT+0300 (GMT+03:00),3.0030239353060098
Fri May 23 2025 19:16:00 GMT+0300 (GMT+03:00),3.014204845153411
Fri May 23 2025 19:17:00 GMT+0300 (GMT+03:00),3.0049224230948917
Fri May 23 2025 19:18:00 GMT+0300 (GMT+03:00),3.004300306640774
Fri May 23 2025 19:19:00 GMT+0300 (GMT+03:00),3.011834663781277
Fri May 23 2025 19:20:00 GMT+0300 (GMT+03:00),3.005871852485325
Fri May 23 2025 19:21:00 GMT+0300 (GMT+03:00),3.005933770663675
Fri May 23 2025 19:22:00 GMT+0300 (GMT+03:00),3.0140024947349957
Fri May 23 2025 19:23:00 GMT+0300 (GMT+03:00),3.0077973027168508
Fri May 23 2025 19:24:00 GMT+0300 (GMT+03:00),3.0097349111718357
Fri May 23 2025 19:25:00 GMT+0300 (GMT+03:00),3.006320386144398
Fri May 23 2025 19:26:00 GMT+0300 (GMT+03:00),3.007408512463189
Fri May 23 2025 19:27:00 GMT+0300 (GMT+03:00),3.006906574286283
Fri May 23 2025 19:28:00 GMT+0300 (GMT+03:00),3.009166217046125
Fri May 23 2025 19:29:00 GMT+0300 (GMT+03:00),3.0061869335582134
Fri May 23 2025 19:30:00 GMT+0300 (GMT+03:00),2.56935931064927
Fri May 23 2025 19:31:00 GMT+0300 (GMT+03:00),3.0115376374293192