TimeSeries ID,request_count.cloud_run_revision.ALIGN_RATE.REDUCE_SUM.metric.type="run.googleapis.com/request_count" resource.type="cloud_run_revision" AND resource.labels."location"="us-central1" AND resource.labels."project_id"="llm-workload-characterization" AND resource.labels."service_name"="ollama-gemma".60s.project_id:llm-workload-characterization.response_code_class:2xx,request_count.cloud_run_revision.ALIGN_RATE.REDUCE_SUM.metric.type="run.googleapis.com/request_count" resource.type="cloud_run_revision" AND resource.labels."location"="us-central1" AND resource.labels."project_id"="llm-workload-characterization" AND resource.labels."service_name"="ollama-gemma".60s.project_id:llm-workload-characterization.response_code_class:5xx
response_code_class,2xx,5xx
project_id,llm-workload-characterization,llm-workload-characterization
Fri May 23 2025 12:53:00 GMT+0300 (GMT+03:00),0.08333333333333333,undefined
Fri May 23 2025 12:54:00 GMT+0300 (GMT+03:00),0.3333333333333333,undefined
Fri May 23 2025 12:55:00 GMT+0300 (GMT+03:00),0.31666666666666665,undefined
Fri May 23 2025 12:56:00 GMT+0300 (GMT+03:00),0.3,undefined
Fri May 23 2025 12:57:00 GMT+0300 (GMT+03:00),0.3,undefined
Fri May 23 2025 12:58:00 GMT+0300 (GMT+03:00),0.4166666666666667,0.06666666666666667
Fri May 23 2025 12:59:00 GMT+0300 (GMT+03:00),0.2833333333333333,0
Fri May 23 2025 13:00:00 GMT+0300 (GMT+03:00),0.31666666666666665,0
Fri May 23 2025 13:01:00 GMT+0300 (GMT+03:00),0.31666666666666665,0
Fri May 23 2025 13:02:00 GMT+0300 (GMT+03:00),0.36666666666666664,0
Fri May 23 2025 13:03:00 GMT+0300 (GMT+03:00),0.38333333333333336,0
Fri May 23 2025 13:04:00 GMT+0300 (GMT+03:00),0.3333333333333333,0
Fri May 23 2025 13:05:00 GMT+0300 (GMT+03:00),0.35,0
Fri May 23 2025 13:06:00 GMT+0300 (GMT+03:00),0.36666666666666664,0
Fri May 23 2025 13:07:00 GMT+0300 (GMT+03:00),0.36666666666666664,0
Fri May 23 2025 13:08:00 GMT+0300 (GMT+03:00),0.4,0
Fri May 23 2025 13:09:00 GMT+0300 (GMT+03:00),0.4,0
Fri May 23 2025 13:10:00 GMT+0300 (GMT+03:00),0.3,0
Fri May 23 2025 13:11:00 GMT+0300 (GMT+03:00),0.3333333333333333,0
Fri May 23 2025 13:12:00 GMT+0300 (GMT+03:00),0.4,0
Fri May 23 2025 13:13:00 GMT+0300 (GMT+03:00),0.36666666666666664,0
Fri May 23 2025 13:14:00 GMT+0300 (GMT+03:00),0.4166666666666667,0
Fri May 23 2025 13:15:00 GMT+0300 (GMT+03:00),0.35,0
Fri May 23 2025 13:16:00 GMT+0300 (GMT+03:00),0.4166666666666667,0
Fri May 23 2025 13:17:00 GMT+0300 (GMT+03:00),0.3333333333333333,0
Fri May 23 2025 13:18:00 GMT+0300 (GMT+03:00),0.35,0
Fri May 23 2025 13:19:00 GMT+0300 (GMT+03:00),0.43333333333333335,0
Fri May 23 2025 13:20:00 GMT+0300 (GMT+03:00),0.31666666666666665,0
Fri May 23 2025 13:21:00 GMT+0300 (GMT+03:00),0.3333333333333333,0
Fri May 23 2025 13:22:00 GMT+0300 (GMT+03:00),0.4166666666666667,0
Fri May 23 2025 13:23:00 GMT+0300 (GMT+03:00),0.35,0
Fri May 23 2025 13:24:00 GMT+0300 (GMT+03:00),0.4,0
Fri May 23 2025 13:25:00 GMT+0300 (GMT+03:00),0.3333333333333333,0
Fri May 23 2025 13:26:00 GMT+0300 (GMT+03:00),0.3,0
Fri May 23 2025 13:27:00 GMT+0300 (GMT+03:00),0.23333333333333334,0
Fri May 23 2025 13:28:00 GMT+0300 (GMT+03:00),0.13333333333333333,0
Fri May 23 2025 13:29:00 GMT+0300 (GMT+03:00),0,0
Fri May 23 2025 13:30:00 GMT+0300 (GMT+03:00),0,0
Fri May 23 2025 13:31:00 GMT+0300 (GMT+03:00),0,0
Fri May 23 2025 13:32:00 GMT+0300 (GMT+03:00),0,0
Fri May 23 2025 13:33:00 GMT+0300 (GMT+03:00),0.13333333333333333,0
Fri May 23 2025 13:34:00 GMT+0300 (GMT+03:00),0.3,0
Fri May 23 2025 13:35:00 GMT+0300 (GMT+03:00),0.31666666666666665,0
Fri May 23 2025 13:36:00 GMT+0300 (GMT+03:00),0.3,0
Fri May 23 2025 13:37:00 GMT+0300 (GMT+03:00),0.3333333333333333,0
Fri May 23 2025 13:38:00 GMT+0300 (GMT+03:00),0.38333333333333336,0.06666666666666667
Fri May 23 2025 13:39:00 GMT+0300 (GMT+03:00),0.3333333333333333,0
Fri May 23 2025 13:40:00 GMT+0300 (GMT+03:00),0.3333333333333333,0
Fri May 23 2025 13:41:00 GMT+0300 (GMT+03:00),0.31666666666666665,0
Fri May 23 2025 13:42:00 GMT+0300 (GMT+03:00),0.35,0
Fri May 23 2025 13:43:00 GMT+0300 (GMT+03:00),0.38333333333333336,0
Fri May 23 2025 13:44:00 GMT+0300 (GMT+03:00),0.35,0
Fri May 23 2025 13:45:00 GMT+0300 (GMT+03:00),0.3333333333333333,0
Fri May 23 2025 13:46:00 GMT+0300 (GMT+03:00),0.31666666666666665,0
Fri May 23 2025 13:47:00 GMT+0300 (GMT+03:00),0.4,0
Fri May 23 2025 13:48:00 GMT+0300 (GMT+03:00),0.3333333333333333,0
Fri May 23 2025 13:49:00 GMT+0300 (GMT+03:00),0.36666666666666664,0
Fri May 23 2025 13:50:00 GMT+0300 (GMT+03:00),0.31666666666666665,0
Fri May 23 2025 13:51:00 GMT+0300 (GMT+03:00),0.3333333333333333,0
Fri May 23 2025 13:52:00 GMT+0300 (GMT+03:00),0.31666666666666665,0
Fri May 23 2025 13:53:00 GMT+0300 (GMT+03:00),0.35,0
Fri May 23 2025 13:54:00 GMT+0300 (GMT+03:00),0.4,0
Fri May 23 2025 13:55:00 GMT+0300 (GMT+03:00),0.4,0
Fri May 23 2025 13:56:00 GMT+0300 (GMT+03:00),0.3333333333333333,0
Fri May 23 2025 13:57:00 GMT+0300 (GMT+03:00),0.3,0
Fri May 23 2025 13:58:00 GMT+0300 (GMT+03:00),0.38333333333333336,0
Fri May 23 2025 13:59:00 GMT+0300 (GMT+03:00),0.3333333333333333,0
Fri May 23 2025 14:00:00 GMT+0300 (GMT+03:00),0.3333333333333333,0
Fri May 23 2025 14:01:00 GMT+0300 (GMT+03:00),0.3333333333333333,0
Fri May 23 2025 14:02:00 GMT+0300 (GMT+03:00),0.3333333333333333,0
Fri May 23 2025 14:03:00 GMT+0300 (GMT+03:00),0.4166666666666667,0
Fri May 23 2025 14:04:00 GMT+0300 (GMT+03:00),0.4,0
Fri May 23 2025 14:05:00 GMT+0300 (GMT+03:00),0.35,0
Fri May 23 2025 14:06:00 GMT+0300 (GMT+03:00),0.26666666666666666,0
Fri May 23 2025 14:07:00 GMT+0300 (GMT+03:00),0.25,0
Fri May 23 2025 14:08:00 GMT+0300 (GMT+03:00),0.03333333333333333,0
Fri May 23 2025 14:09:00 GMT+0300 (GMT+03:00),0,0
Fri May 23 2025 14:10:00 GMT+0300 (GMT+03:00),0,0
Fri May 23 2025 14:11:00 GMT+0300 (GMT+03:00),0,0
Fri May 23 2025 14:12:00 GMT+0300 (GMT+03:00),0,0
Fri May 23 2025 14:13:00 GMT+0300 (GMT+03:00),0.15,0
Fri May 23 2025 14:14:00 GMT+0300 (GMT+03:00),0.3333333333333333,0
Fri May 23 2025 14:15:00 GMT+0300 (GMT+03:00),0.31666666666666665,0
Fri May 23 2025 14:16:00 GMT+0300 (GMT+03:00),0.3333333333333333,0
Fri May 23 2025 14:17:00 GMT+0300 (GMT+03:00),0.31666666666666665,0
Fri May 23 2025 14:18:00 GMT+0300 (GMT+03:00),2.933333333333333,2.05
Fri May 23 2025 14:19:00 GMT+0300 (GMT+03:00),1.6833333333333333,0.7333333333333333
Fri May 23 2025 14:20:00 GMT+0300 (GMT+03:00),0.38333333333333336,0
Fri May 23 2025 14:21:00 GMT+0300 (GMT+03:00),0.35,0
Fri May 23 2025 14:22:00 GMT+0300 (GMT+03:00),0.36666666666666664,0
Fri May 23 2025 14:23:00 GMT+0300 (GMT+03:00),3.15,0.03333333333333333
Fri May 23 2025 14:24:00 GMT+0300 (GMT+03:00),3.9166666666666665,0.05
Fri May 23 2025 14:25:00 GMT+0300 (GMT+03:00),0.45,0
Fri May 23 2025 14:26:00 GMT+0300 (GMT+03:00),0.4166666666666667,0
Fri May 23 2025 14:27:00 GMT+0300 (GMT+03:00),0.4,0
Fri May 23 2025 14:28:00 GMT+0300 (GMT+03:00),1.9,0.03333333333333333
Fri May 23 2025 14:29:00 GMT+0300 (GMT+03:00),5,0.11666666666666667
Fri May 23 2025 14:30:00 GMT+0300 (GMT+03:00),0.48333333333333334,0
Fri May 23 2025 14:31:00 GMT+0300 (GMT+03:00),0.38333333333333336,0
Fri May 23 2025 14:32:00 GMT+0300 (GMT+03:00),0.5,0
Fri May 23 2025 14:33:00 GMT+0300 (GMT+03:00),0.8,0.016666666666666666
Fri May 23 2025 14:34:00 GMT+0300 (GMT+03:00),5.8,0.18333333333333332
Fri May 23 2025 14:35:00 GMT+0300 (GMT+03:00),0.5833333333333334,0
Fri May 23 2025 14:36:00 GMT+0300 (GMT+03:00),0.4666666666666667,0
Fri May 23 2025 14:37:00 GMT+0300 (GMT+03:00),0.45,0
Fri May 23 2025 14:38:00 GMT+0300 (GMT+03:00),0.5166666666666667,0
Fri May 23 2025 14:39:00 GMT+0300 (GMT+03:00),5.883333333333334,0.08333333333333333
Fri May 23 2025 14:40:00 GMT+0300 (GMT+03:00),0.9166666666666666,0.016666666666666666
Fri May 23 2025 14:41:00 GMT+0300 (GMT+03:00),0.48333333333333334,0
Fri May 23 2025 14:42:00 GMT+0300 (GMT+03:00),0.43333333333333335,0
Fri May 23 2025 14:43:00 GMT+0300 (GMT+03:00),0.5166666666666667,0
Fri May 23 2025 14:44:00 GMT+0300 (GMT+03:00),5.183333333333334,0.15
Fri May 23 2025 14:45:00 GMT+0300 (GMT+03:00),1.45,0.016666666666666666
Fri May 23 2025 14:46:00 GMT+0300 (GMT+03:00),0.5333333333333333,0
Fri May 23 2025 14:47:00 GMT+0300 (GMT+03:00),0.5333333333333333,0
Fri May 23 2025 14:48:00 GMT+0300 (GMT+03:00),0.15,0
Fri May 23 2025 14:49:00 GMT+0300 (GMT+03:00),0,0
Fri May 23 2025 14:50:00 GMT+0300 (GMT+03:00),0,0
Fri May 23 2025 14:51:00 GMT+0300 (GMT+03:00),0,0
Fri May 23 2025 14:52:00 GMT+0300 (GMT+03:00),0,0
Fri May 23 2025 14:53:00 GMT+0300 (GMT+03:00),0.13333333333333333,0
Fri May 23 2025 14:54:00 GMT+0300 (GMT+03:00),0.2833333333333333,0
Fri May 23 2025 14:55:00 GMT+0300 (GMT+03:00),0.3333333333333333,0
Fri May 23 2025 14:56:00 GMT+0300 (GMT+03:00),0.31666666666666665,0
Fri May 23 2025 14:57:00 GMT+0300 (GMT+03:00),0.3,0.06666666666666667
Fri May 23 2025 14:58:00 GMT+0300 (GMT+03:00),1.1166666666666667,5.933333333333334
Fri May 23 2025 14:59:00 GMT+0300 (GMT+03:00),0.35,0
Fri May 23 2025 15:00:00 GMT+0300 (GMT+03:00),0.31666666666666665,0
Fri May 23 2025 15:01:00 GMT+0300 (GMT+03:00),0.3333333333333333,0
Fri May 23 2025 15:02:00 GMT+0300 (GMT+03:00),0.31666666666666665,0
Fri May 23 2025 15:03:00 GMT+0300 (GMT+03:00),4.266666666666667,2.6333333333333333
Fri May 23 2025 15:04:00 GMT+0300 (GMT+03:00),0.5,0
Fri May 23 2025 15:05:00 GMT+0300 (GMT+03:00),0.36666666666666664,0
Fri May 23 2025 15:06:00 GMT+0300 (GMT+03:00),0.35,0
Fri May 23 2025 15:07:00 GMT+0300 (GMT+03:00),0.4,0
Fri May 23 2025 15:08:00 GMT+0300 (GMT+03:00),4.116666666666666,1.4
Fri May 23 2025 15:09:00 GMT+0300 (GMT+03:00),1.3666666666666667,0.2833333333333333
Fri May 23 2025 15:10:00 GMT+0300 (GMT+03:00),0.4166666666666667,0
Fri May 23 2025 15:11:00 GMT+0300 (GMT+03:00),0.36666666666666664,0
Fri May 23 2025 15:12:00 GMT+0300 (GMT+03:00),0.4,0
Fri May 23 2025 15:13:00 GMT+0300 (GMT+03:00),3.8666666666666667,0.95
Fri May 23 2025 15:14:00 GMT+0300 (GMT+03:00),2.033333333333333,0.3
Fri May 23 2025 15:15:00 GMT+0300 (GMT+03:00),0.36666666666666664,0
Fri May 23 2025 15:16:00 GMT+0300 (GMT+03:00),0.43333333333333335,0
Fri May 23 2025 15:17:00 GMT+0300 (GMT+03:00),0.35,0
Fri May 23 2025 15:18:00 GMT+0300 (GMT+03:00),2.45,0.43333333333333335
Fri May 23 2025 15:19:00 GMT+0300 (GMT+03:00),3.716666666666667,0.5
Fri May 23 2025 15:20:00 GMT+0300 (GMT+03:00),0.4166666666666667,0
Fri May 23 2025 15:21:00 GMT+0300 (GMT+03:00),0.45,0
Fri May 23 2025 15:22:00 GMT+0300 (GMT+03:00),0.48333333333333334,0
Fri May 23 2025 15:23:00 GMT+0300 (GMT+03:00),0.8833333333333333,0.13333333333333333
Fri May 23 2025 15:24:00 GMT+0300 (GMT+03:00),5.4,0.5166666666666667
Fri May 23 2025 15:25:00 GMT+0300 (GMT+03:00),0.4166666666666667,0
Fri May 23 2025 15:26:00 GMT+0300 (GMT+03:00),0.4666666666666667,0
Fri May 23 2025 15:27:00 GMT+0300 (GMT+03:00),0.5,0
Fri May 23 2025 15:28:00 GMT+0300 (GMT+03:00),0.16666666666666666,0
Fri May 23 2025 15:29:00 GMT+0300 (GMT+03:00),0,0
Fri May 23 2025 15:30:00 GMT+0300 (GMT+03:00),0,0
Fri May 23 2025 15:31:00 GMT+0300 (GMT+03:00),0,0
Fri May 23 2025 15:32:00 GMT+0300 (GMT+03:00),0,0
Fri May 23 2025 15:33:00 GMT+0300 (GMT+03:00),0.15,0
Fri May 23 2025 15:34:00 GMT+0300 (GMT+03:00),0.3,0
Fri May 23 2025 15:35:00 GMT+0300 (GMT+03:00),0.3,0
Fri May 23 2025 15:36:00 GMT+0300 (GMT+03:00),0.2833333333333333,0
Fri May 23 2025 15:37:00 GMT+0300 (GMT+03:00),0.26666666666666666,0
Fri May 23 2025 15:38:00 GMT+0300 (GMT+03:00),2.8,2.183333333333333
Fri May 23 2025 15:39:00 GMT+0300 (GMT+03:00),5.666666666666667,4.083333333333333
Fri May 23 2025 15:40:00 GMT+0300 (GMT+03:00),1.0166666666666666,0.36666666666666664
Fri May 23 2025 15:41:00 GMT+0300 (GMT+03:00),0.4166666666666667,0
Fri May 23 2025 15:42:00 GMT+0300 (GMT+03:00),0.3,0
Fri May 23 2025 15:43:00 GMT+0300 (GMT+03:00),3.2,0.1
Fri May 23 2025 15:44:00 GMT+0300 (GMT+03:00),8.966666666666667,0.9
Fri May 23 2025 15:45:00 GMT+0300 (GMT+03:00),2.683333333333333,0.21666666666666667
Fri May 23 2025 15:46:00 GMT+0300 (GMT+03:00),0.4,0
Fri May 23 2025 15:47:00 GMT+0300 (GMT+03:00),0.38333333333333336,0
Fri May 23 2025 15:48:00 GMT+0300 (GMT+03:00),2.0833333333333335,0.13333333333333333
Fri May 23 2025 15:49:00 GMT+0300 (GMT+03:00),8.533333333333333,0.75
Fri May 23 2025 15:50:00 GMT+0300 (GMT+03:00),4.016666666666667,0.31666666666666665
Fri May 23 2025 15:51:00 GMT+0300 (GMT+03:00),0.45,0
Fri May 23 2025 15:52:00 GMT+0300 (GMT+03:00),0.38333333333333336,0
Fri May 23 2025 15:53:00 GMT+0300 (GMT+03:00),1.0333333333333334,0.016666666666666666
Fri May 23 2025 15:54:00 GMT+0300 (GMT+03:00),8.583333333333334,0.23333333333333334
Fri May 23 2025 15:55:00 GMT+0300 (GMT+03:00),4.583333333333333,1.3666666666666667
Fri May 23 2025 15:56:00 GMT+0300 (GMT+03:00),0.48333333333333334,0.016666666666666666
Fri May 23 2025 15:57:00 GMT+0300 (GMT+03:00),0.4166666666666667,0
Fri May 23 2025 15:58:00 GMT+0300 (GMT+03:00),0.5166666666666667,0.08333333333333333
Fri May 23 2025 15:59:00 GMT+0300 (GMT+03:00),7.95,0.38333333333333336
Fri May 23 2025 16:00:00 GMT+0300 (GMT+03:00),6.033333333333333,0.7166666666666667
Fri May 23 2025 16:01:00 GMT+0300 (GMT+03:00),0.5333333333333333,0
Fri May 23 2025 16:02:00 GMT+0300 (GMT+03:00),0.43333333333333335,0
Fri May 23 2025 16:03:00 GMT+0300 (GMT+03:00),0.4166666666666667,0
Fri May 23 2025 16:04:00 GMT+0300 (GMT+03:00),6.6,0.11666666666666667
Fri May 23 2025 16:05:00 GMT+0300 (GMT+03:00),7.4,0.5
Fri May 23 2025 16:06:00 GMT+0300 (GMT+03:00),1.15,0.03333333333333333
Fri May 23 2025 16:07:00 GMT+0300 (GMT+03:00),0.36666666666666664,0
Fri May 23 2025 16:08:00 GMT+0300 (GMT+03:00),0.2,0
Fri May 23 2025 16:09:00 GMT+0300 (GMT+03:00),0,0
Fri May 23 2025 16:10:00 GMT+0300 (GMT+03:00),0,0
Fri May 23 2025 16:11:00 GMT+0300 (GMT+03:00),0,0
Fri May 23 2025 16:12:00 GMT+0300 (GMT+03:00),0,0
Fri May 23 2025 16:13:00 GMT+0300 (GMT+03:00),0.11666666666666667,0
Fri May 23 2025 16:14:00 GMT+0300 (GMT+03:00),0.31666666666666665,0
Fri May 23 2025 16:15:00 GMT+0300 (GMT+03:00),0.31666666666666665,0
Fri May 23 2025 16:16:00 GMT+0300 (GMT+03:00),0.3,0
Fri May 23 2025 16:17:00 GMT+0300 (GMT+03:00),0.31666666666666665,0.05
Fri May 23 2025 16:18:00 GMT+0300 (GMT+03:00),2,13.366666666666667
Fri May 23 2025 16:19:00 GMT+0300 (GMT+03:00),0.3333333333333333,0
Fri May 23 2025 16:20:00 GMT+0300 (GMT+03:00),0.35,0
Fri May 23 2025 16:21:00 GMT+0300 (GMT+03:00),0.26666666666666666,0
Fri May 23 2025 16:22:00 GMT+0300 (GMT+03:00),0.38333333333333336,0
Fri May 23 2025 16:23:00 GMT+0300 (GMT+03:00),6.15,7.933333333333334
Fri May 23 2025 16:24:00 GMT+0300 (GMT+03:00),1.2,0.38333333333333336
Fri May 23 2025 16:25:00 GMT+0300 (GMT+03:00),0.36666666666666664,0
Fri May 23 2025 16:26:00 GMT+0300 (GMT+03:00),0.31666666666666665,0
Fri May 23 2025 16:27:00 GMT+0300 (GMT+03:00),0.38333333333333336,0
Fri May 23 2025 16:28:00 GMT+0300 (GMT+03:00),6.283333333333333,5.45
Fri May 23 2025 16:29:00 GMT+0300 (GMT+03:00),2.3833333333333333,1.5
Fri May 23 2025 16:30:00 GMT+0300 (GMT+03:00),0.3333333333333333,0
Fri May 23 2025 16:31:00 GMT+0300 (GMT+03:00),0.45,0
Fri May 23 2025 16:32:00 GMT+0300 (GMT+03:00),0.36666666666666664,0
Fri May 23 2025 16:33:00 GMT+0300 (GMT+03:00),5.083333333333333,4.75
Fri May 23 2025 16:34:00 GMT+0300 (GMT+03:00),3.85,1.8
Fri May 23 2025 16:35:00 GMT+0300 (GMT+03:00),0.35,0
Fri May 23 2025 16:36:00 GMT+0300 (GMT+03:00),0.4166666666666667,0
Fri May 23 2025 16:37:00 GMT+0300 (GMT+03:00),0.38333333333333336,0
Fri May 23 2025 16:38:00 GMT+0300 (GMT+03:00),2.8833333333333333,2.316666666666667
Fri May 23 2025 16:39:00 GMT+0300 (GMT+03:00),6.833333333333333,3.5
Fri May 23 2025 16:40:00 GMT+0300 (GMT+03:00),0.45,0
Fri May 23 2025 16:41:00 GMT+0300 (GMT+03:00),0.43333333333333335,0
Fri May 23 2025 16:42:00 GMT+0300 (GMT+03:00),0.45,0
Fri May 23 2025 16:43:00 GMT+0300 (GMT+03:00),0.8666666666666667,0.3333333333333333
Fri May 23 2025 16:44:00 GMT+0300 (GMT+03:00),8.983333333333333,5.016666666666667
Fri May 23 2025 16:45:00 GMT+0300 (GMT+03:00),0.5833333333333334,0
Fri May 23 2025 16:46:00 GMT+0300 (GMT+03:00),0.38333333333333336,0
Fri May 23 2025 16:47:00 GMT+0300 (GMT+03:00),0.45,0
Fri May 23 2025 16:48:00 GMT+0300 (GMT+03:00),0.15,0
Fri May 23 2025 16:49:00 GMT+0300 (GMT+03:00),0,0
Fri May 23 2025 16:50:00 GMT+0300 (GMT+03:00),0,0
Fri May 23 2025 16:51:00 GMT+0300 (GMT+03:00),0,0
Fri May 23 2025 16:52:00 GMT+0300 (GMT+03:00),0,0
Fri May 23 2025 16:53:00 GMT+0300 (GMT+03:00),0.11666666666666667,0
Fri May 23 2025 16:54:00 GMT+0300 (GMT+03:00),0.3333333333333333,0
Fri May 23 2025 16:55:00 GMT+0300 (GMT+03:00),0.2833333333333333,0
Fri May 23 2025 16:56:00 GMT+0300 (GMT+03:00),0.3333333333333333,0
Fri May 23 2025 16:57:00 GMT+0300 (GMT+03:00),0.3,0
Fri May 23 2025 16:58:00 GMT+0300 (GMT+03:00),2.566666666666667,1.9333333333333333
Fri May 23 2025 16:59:00 GMT+0300 (GMT+03:00),6,4.283333333333333
Fri May 23 2025 17:00:00 GMT+0300 (GMT+03:00),5.266666666666667,3.7
Fri May 23 2025 17:01:00 GMT+0300 (GMT+03:00),0.7833333333333333,0.21666666666666667
Fri May 23 2025 17:02:00 GMT+0300 (GMT+03:00),0.3,0
Fri May 23 2025 17:03:00 GMT+0300 (GMT+03:00),2.8666666666666667,0.13333333333333333
Fri May 23 2025 17:04:00 GMT+0300 (GMT+03:00),9.766666666666667,0.31666666666666665
Fri May 23 2025 17:05:00 GMT+0300 (GMT+03:00),9.383333333333333,0.38333333333333336
Fri May 23 2025 17:06:00 GMT+0300 (GMT+03:00),1.8,0.03333333333333333
Fri May 23 2025 17:07:00 GMT+0300 (GMT+03:00),0.38333333333333336,0
Fri May 23 2025 17:08:00 GMT+0300 (GMT+03:00),1.4833333333333334,0.016666666666666666
Fri May 23 2025 17:09:00 GMT+0300 (GMT+03:00),9.45,0.31666666666666665
Fri May 23 2025 17:10:00 GMT+0300 (GMT+03:00),9.766666666666667,0.35
Fri May 23 2025 17:11:00 GMT+0300 (GMT+03:00),3.1166666666666667,0.06666666666666667
Fri May 23 2025 17:12:00 GMT+0300 (GMT+03:00),0.4166666666666667,0
Fri May 23 2025 17:13:00 GMT+0300 (GMT+03:00),0.5833333333333334,0.016666666666666666
Fri May 23 2025 17:14:00 GMT+0300 (GMT+03:00),8.483333333333333,0.38333333333333336
Fri May 23 2025 17:15:00 GMT+0300 (GMT+03:00),9.95,0.31666666666666665
Fri May 23 2025 17:16:00 GMT+0300 (GMT+03:00),4.766666666666667,0.11666666666666667
Fri May 23 2025 17:17:00 GMT+0300 (GMT+03:00),0.6,0
Fri May 23 2025 17:18:00 GMT+0300 (GMT+03:00),0.4166666666666667,0
Fri May 23 2025 17:19:00 GMT+0300 (GMT+03:00),7.05,0.3
Fri May 23 2025 17:20:00 GMT+0300 (GMT+03:00),10.033333333333333,0.18333333333333332
Fri May 23 2025 17:21:00 GMT+0300 (GMT+03:00),6.15,0.08333333333333333
Fri May 23 2025 17:22:00 GMT+0300 (GMT+03:00),0.6666666666666666,0
Fri May 23 2025 17:23:00 GMT+0300 (GMT+03:00),0.5,0
Fri May 23 2025 17:24:00 GMT+0300 (GMT+03:00),5.633333333333334,0.13333333333333333
Fri May 23 2025 17:25:00 GMT+0300 (GMT+03:00),9.866666666666667,0.23333333333333334
Fri May 23 2025 17:26:00 GMT+0300 (GMT+03:00),7.483333333333333,0.15
Fri May 23 2025 17:27:00 GMT+0300 (GMT+03:00),0.9166666666666666,0
Fri May 23 2025 17:28:00 GMT+0300 (GMT+03:00),0.25,0
Fri May 23 2025 17:29:00 GMT+0300 (GMT+03:00),0,0
Fri May 23 2025 17:30:00 GMT+0300 (GMT+03:00),0,0
Fri May 23 2025 17:31:00 GMT+0300 (GMT+03:00),0,0
Fri May 23 2025 17:32:00 GMT+0300 (GMT+03:00),0,0
Fri May 23 2025 17:33:00 GMT+0300 (GMT+03:00),0.1,0
Fri May 23 2025 17:34:00 GMT+0300 (GMT+03:00),0.31666666666666665,0
Fri May 23 2025 17:35:00 GMT+0300 (GMT+03:00),0.31666666666666665,0
Fri May 23 2025 17:36:00 GMT+0300 (GMT+03:00),0.31666666666666665,0
Fri May 23 2025 17:37:00 GMT+0300 (GMT+03:00),0.31666666666666665,0
Fri May 23 2025 17:38:00 GMT+0300 (GMT+03:00),2.433333333333333,20.733333333333334
Fri May 23 2025 17:39:00 GMT+0300 (GMT+03:00),0.5666666666666667,0.35
Fri May 23 2025 17:40:00 GMT+0300 (GMT+03:00),0.4166666666666667,0
Fri May 23 2025 17:41:00 GMT+0300 (GMT+03:00),0.38333333333333336,0
Fri May 23 2025 17:42:00 GMT+0300 (GMT+03:00),0.3333333333333333,0
Fri May 23 2025 17:43:00 GMT+0300 (GMT+03:00),6.783333333333333,12.333333333333334
Fri May 23 2025 17:44:00 GMT+0300 (GMT+03:00),1.9,2.816666666666667
Fri May 23 2025 17:45:00 GMT+0300 (GMT+03:00),0.4166666666666667,0
Fri May 23 2025 17:46:00 GMT+0300 (GMT+03:00),0.38333333333333336,0
Fri May 23 2025 17:47:00 GMT+0300 (GMT+03:00),0.38333333333333336,0
Fri May 23 2025 17:48:00 GMT+0300 (GMT+03:00),5.983333333333333,11.033333333333333
Fri May 23 2025 17:49:00 GMT+0300 (GMT+03:00),3.3,3.466666666666667
Fri May 23 2025 17:50:00 GMT+0300 (GMT+03:00),0.45,0
Fri May 23 2025 17:51:00 GMT+0300 (GMT+03:00),0.4,0
Fri May 23 2025 17:52:00 GMT+0300 (GMT+03:00),0.3333333333333333,0
Fri May 23 2025 17:53:00 GMT+0300 (GMT+03:00),4.483333333333333,7.333333333333333
Fri May 23 2025 17:54:00 GMT+0300 (GMT+03:00),5.916666666666667,6.033333333333333
Fri May 23 2025 17:55:00 GMT+0300 (GMT+03:00),0.4166666666666667,0
Fri May 23 2025 17:56:00 GMT+0300 (GMT+03:00),0.45,0
Fri May 23 2025 17:57:00 GMT+0300 (GMT+03:00),0.4,0
Fri May 23 2025 17:58:00 GMT+0300 (GMT+03:00),1.85,3.8333333333333335
Fri May 23 2025 17:59:00 GMT+0300 (GMT+03:00),9.066666666666666,8.933333333333334
Fri May 23 2025 18:00:00 GMT+0300 (GMT+03:00),0.4666666666666667,0
Fri May 23 2025 18:01:00 GMT+0300 (GMT+03:00),0.4166666666666667,0
Fri May 23 2025 18:02:00 GMT+0300 (GMT+03:00),0.43333333333333335,0
Fri May 23 2025 18:03:00 GMT+0300 (GMT+03:00),0.6166666666666667,0.4
Fri May 23 2025 18:04:00 GMT+0300 (GMT+03:00),11.683333333333334,10.933333333333334
Fri May 23 2025 18:05:00 GMT+0300 (GMT+03:00),0.5666666666666667,0
Fri May 23 2025 18:06:00 GMT+0300 (GMT+03:00),0.45,0
Fri May 23 2025 18:07:00 GMT+0300 (GMT+03:00),0.45,0
Fri May 23 2025 18:08:00 GMT+0300 (GMT+03:00),0.15,0
Fri May 23 2025 18:09:00 GMT+0300 (GMT+03:00),0,0
Fri May 23 2025 18:10:00 GMT+0300 (GMT+03:00),0,0
Fri May 23 2025 18:11:00 GMT+0300 (GMT+03:00),0,0
Fri May 23 2025 18:12:00 GMT+0300 (GMT+03:00),0,0
Fri May 23 2025 18:13:00 GMT+0300 (GMT+03:00),0.13333333333333333,0
Fri May 23 2025 18:14:00 GMT+0300 (GMT+03:00),0.3,0
Fri May 23 2025 18:15:00 GMT+0300 (GMT+03:00),0.2833333333333333,0
Fri May 23 2025 18:16:00 GMT+0300 (GMT+03:00),0.3333333333333333,0
Fri May 23 2025 18:17:00 GMT+0300 (GMT+03:00),0.38333333333333336,0
Fri May 23 2025 18:18:00 GMT+0300 (GMT+03:00),2.1333333333333333,1.7333333333333334
Fri May 23 2025 18:19:00 GMT+0300 (GMT+03:00),5.9,4.383333333333334
Fri May 23 2025 18:20:00 GMT+0300 (GMT+03:00),6,4.133333333333334
Fri May 23 2025 18:21:00 GMT+0300 (GMT+03:00),4.716666666666667,3.65
Fri May 23 2025 18:22:00 GMT+0300 (GMT+03:00),0.5833333333333334,0.18333333333333332
Fri May 23 2025 18:23:00 GMT+0300 (GMT+03:00),2.4,0.05
Fri May 23 2025 18:24:00 GMT+0300 (GMT+03:00),9.65,0.23333333333333334
Fri May 23 2025 18:25:00 GMT+0300 (GMT+03:00),9.75,0.3333333333333333
Fri May 23 2025 18:26:00 GMT+0300 (GMT+03:00),9.333333333333334,0.6833333333333333
Fri May 23 2025 18:27:00 GMT+0300 (GMT+03:00),1.2666666666666666,0.016666666666666666
Fri May 23 2025 18:28:00 GMT+0300 (GMT+03:00),1.2166666666666666,0.05
Fri May 23 2025 18:29:00 GMT+0300 (GMT+03:00),9.1,0.35
Fri May 23 2025 18:30:00 GMT+0300 (GMT+03:00),9.766666666666667,0.31666666666666665
Fri May 23 2025 18:31:00 GMT+0300 (GMT+03:00),9.516666666666667,0.35
Fri May 23 2025 18:32:00 GMT+0300 (GMT+03:00),2.6666666666666665,0.06666666666666667
Fri May 23 2025 18:33:00 GMT+0300 (GMT+03:00),0.5833333333333334,0
Fri May 23 2025 18:34:00 GMT+0300 (GMT+03:00),8.016666666666667,0.25
Fri May 23 2025 18:35:00 GMT+0300 (GMT+03:00),9.966666666666667,0.3333333333333333
Fri May 23 2025 18:36:00 GMT+0300 (GMT+03:00),9.316666666666666,0.48333333333333334
Fri May 23 2025 18:37:00 GMT+0300 (GMT+03:00),4.05,0.2
Fri May 23 2025 18:38:00 GMT+0300 (GMT+03:00),0.55,0
Fri May 23 2025 18:39:00 GMT+0300 (GMT+03:00),6.516666666666667,0.18333333333333332
Fri May 23 2025 18:40:00 GMT+0300 (GMT+03:00),9.9,0.3
Fri May 23 2025 18:41:00 GMT+0300 (GMT+03:00),9.133333333333333,0.26666666666666666
Fri May 23 2025 18:42:00 GMT+0300 (GMT+03:00),6.15,0.3
Fri May 23 2025 18:43:00 GMT+0300 (GMT+03:00),0.6,0
Fri May 23 2025 18:44:00 GMT+0300 (GMT+03:00),4.983333333333333,0.13333333333333333
Fri May 23 2025 18:45:00 GMT+0300 (GMT+03:00),9.716666666666667,0.2833333333333333
Fri May 23 2025 18:46:00 GMT+0300 (GMT+03:00),8.95,0.2833333333333333
Fri May 23 2025 18:47:00 GMT+0300 (GMT+03:00),7.9,0.3
Fri May 23 2025 18:48:00 GMT+0300 (GMT+03:00),0.4,0
Fri May 23 2025 18:49:00 GMT+0300 (GMT+03:00),0,0
Fri May 23 2025 18:50:00 GMT+0300 (GMT+03:00),0,0
Fri May 23 2025 18:51:00 GMT+0300 (GMT+03:00),0,0
Fri May 23 2025 18:52:00 GMT+0300 (GMT+03:00),0,0
Fri May 23 2025 18:53:00 GMT+0300 (GMT+03:00),0.08333333333333333,0
Fri May 23 2025 18:54:00 GMT+0300 (GMT+03:00),0.3,0
Fri May 23 2025 18:55:00 GMT+0300 (GMT+03:00),0.31666666666666665,0
Fri May 23 2025 18:56:00 GMT+0300 (GMT+03:00),0.31666666666666665,0
Fri May 23 2025 18:57:00 GMT+0300 (GMT+03:00),0.3,0
Fri May 23 2025 18:58:00 GMT+0300 (GMT+03:00),3.683333333333333,24.133333333333333
Fri May 23 2025 18:59:00 GMT+0300 (GMT+03:00),1.1166666666666667,3.45
Fri May 23 2025 19:00:00 GMT+0300 (GMT+03:00),0.4,0
Fri May 23 2025 19:01:00 GMT+0300 (GMT+03:00),0.4666666666666667,0.1
Fri May 23 2025 19:02:00 GMT+0300 (GMT+03:00),0.35,0
Fri May 23 2025 19:03:00 GMT+0300 (GMT+03:00),7.783333333333333,15.866666666666667
Fri May 23 2025 19:04:00 GMT+0300 (GMT+03:00),3.466666666666667,4.9
Fri May 23 2025 19:05:00 GMT+0300 (GMT+03:00),0.36666666666666664,0
Fri May 23 2025 19:06:00 GMT+0300 (GMT+03:00),0.55,0
Fri May 23 2025 19:07:00 GMT+0300 (GMT+03:00),0.4666666666666667,0
Fri May 23 2025 19:08:00 GMT+0300 (GMT+03:00),5.333333333333333,13.75
Fri May 23 2025 19:09:00 GMT+0300 (GMT+03:00),5.166666666666667,7.666666666666667
Fri May 23 2025 19:10:00 GMT+0300 (GMT+03:00),0.38333333333333336,0
Fri May 23 2025 19:11:00 GMT+0300 (GMT+03:00),0.5166666666666667,0
Fri May 23 2025 19:12:00 GMT+0300 (GMT+03:00),0.4666666666666667,0
Fri May 23 2025 19:13:00 GMT+0300 (GMT+03:00),2.7333333333333334,7.333333333333333
Fri May 23 2025 19:14:00 GMT+0300 (GMT+03:00),8.45,13.383333333333333
Fri May 23 2025 19:15:00 GMT+0300 (GMT+03:00),0.48333333333333334,0
Fri May 23 2025 19:16:00 GMT+0300 (GMT+03:00),0.4166666666666667,0
Fri May 23 2025 19:17:00 GMT+0300 (GMT+03:00),0.5166666666666667,0
Fri May 23 2025 19:18:00 GMT+0300 (GMT+03:00),1.2666666666666666,2.05
Fri May 23 2025 19:19:00 GMT+0300 (GMT+03:00),11.166666666666666,17.366666666666667
Fri May 23 2025 19:20:00 GMT+0300 (GMT+03:00),0.5166666666666667,0
Fri May 23 2025 19:21:00 GMT+0300 (GMT+03:00),0.43333333333333335,0
Fri May 23 2025 19:22:00 GMT+0300 (GMT+03:00),0.5333333333333333,0
Fri May 23 2025 19:23:00 GMT+0300 (GMT+03:00),0.5166666666666667,0.18333333333333332
Fri May 23 2025 19:24:00 GMT+0300 (GMT+03:00),11.7,19.2
Fri May 23 2025 19:25:00 GMT+0300 (GMT+03:00),0.7666666666666667,0.05
Fri May 23 2025 19:26:00 GMT+0300 (GMT+03:00),0.4166666666666667,0
Fri May 23 2025 19:27:00 GMT+0300 (GMT+03:00),0.65,0
Fri May 23 2025 19:28:00 GMT+0300 (GMT+03:00),0.23333333333333334,0
Fri May 23 2025 19:29:00 GMT+0300 (GMT+03:00),0,0
Fri May 23 2025 19:30:00 GMT+0300 (GMT+03:00),0,0
Fri May 23 2025 19:31:00 GMT+0300 (GMT+03:00),0,0