timestamp,latency_p99
Fri May 23 2025 12:53:00 GMT+0300 (GMT+03:00),39736.08196143639
Fri May 23 2025 12:54:00 GMT+0300 (GMT+03:00),101747.4348702137
Fri May 23 2025 12:55:00 GMT+0300 (GMT+03:00),163865.26133282794
Fri May 23 2025 12:56:00 GMT+0300 (GMT+03:00),240137.0672571876
Fri May 23 2025 12:57:00 GMT+0300 (GMT+03:00),290565.851381197
Fri May 23 2025 12:58:00 GMT+0300 (GMT+03:00),324453.0898493357
Fri May 23 2025 12:59:00 GMT+0300 (GMT+03:00),323876.19168186584
Fri May 23 2025 13:00:00 GMT+0300 (GMT+03:00),324201.13131233834
Fri May 23 2025 13:01:00 GMT+0300 (GMT+03:00),324407.9110771845
Fri May 23 2025 13:02:00 GMT+0300 (GMT+03:00),324217.54240478645
Fri May 23 2025 13:03:00 GMT+0300 (GMT+03:00),323926.8316242772
Fri May 23 2025 13:04:00 GMT+0300 (GMT+03:00),324137.83138432424
Fri May 23 2025 13:05:00 GMT+0300 (GMT+03:00),324053.4314803054
Fri May 23 2025 13:06:00 GMT+0300 (GMT+03:00),324164.2063543301
Fri May 23 2025 13:07:00 GMT+0300 (GMT+03:00),324260.2112451515
Fri May 23 2025 13:08:00 GMT+0300 (GMT+03:00),324348.8311443713
Fri May 23 2025 13:09:00 GMT+0300 (GMT+03:00),324230.67127874494
Fri May 23 2025 13:10:00 GMT+0300 (GMT+03:00),319327.0368552508
Fri May 23 2025 13:11:00 GMT+0300 (GMT+03:00),323536.48206819006
Fri May 23 2025 13:12:00 GMT+0300 (GMT+03:00),324348.8311443713
Fri May 23 2025 13:13:00 GMT+0300 (GMT+03:00),324439.7233486993
Fri May 23 2025 13:14:00 GMT+0300 (GMT+03:00),324427.6043881222
Fri May 23 2025 13:15:00 GMT+0300 (GMT+03:00),324164.2063543301
Fri May 23 2025 13:16:00 GMT+0300 (GMT+03:00),324053.4314803054
Fri May 23 2025 13:17:00 GMT+0300 (GMT+03:00),323954.96492561675
Fri May 23 2025 13:18:00 GMT+0300 (GMT+03:00),324250.36458968266
Fri May 23 2025 13:19:00 GMT+0300 (GMT+03:00),324324.2145056992
Fri May 23 2025 13:20:00 GMT+0300 (GMT+03:00),324137.83138432424
Fri May 23 2025 13:21:00 GMT+0300 (GMT+03:00),324250.36458968266
Fri May 23 2025 13:22:00 GMT+0300 (GMT+03:00),324394.2772465353
Fri May 23 2025 13:23:00 GMT+0300 (GMT+03:00),324348.8311443713
Fri May 23 2025 13:24:00 GMT+0300 (GMT+03:00),324090.3564383136
Fri May 23 2025 13:25:00 GMT+0300 (GMT+03:00),324319.2911779647
Fri May 23 2025 13:26:00 GMT+0300 (GMT+03:00),324521.14761507645
Fri May 23 2025 13:27:00 GMT+0300 (GMT+03:00),324621.5077573552
Fri May 23 2025 13:28:00 GMT+0300 (GMT+03:00),324602.0308564278
Fri May 23 2025 13:33:00 GMT+0300 (GMT+03:00),47948.931339986426
Fri May 23 2025 13:34:00 GMT+0300 (GMT+03:00),102735.73095359693
Fri May 23 2025 13:35:00 GMT+0300 (GMT+03:00),165987.47563316062
Fri May 23 2025 13:36:00 GMT+0300 (GMT+03:00),242134.51051533423
Fri May 23 2025 13:37:00 GMT+0300 (GMT+03:00),294056.93832015776
Fri May 23 2025 13:38:00 GMT+0300 (GMT+03:00),324299.597867027
Fri May 23 2025 13:39:00 GMT+0300 (GMT+03:00),324201.13131233834
Fri May 23 2025 13:40:00 GMT+0300 (GMT+03:00),324053.4314803054
Fri May 23 2025 13:41:00 GMT+0300 (GMT+03:00),323817.11174905265
Fri May 23 2025 13:42:00 GMT+0300 (GMT+03:00),324164.2063543301
Fri May 23 2025 13:43:00 GMT+0300 (GMT+03:00),324184.72021989024
Fri May 23 2025 13:44:00 GMT+0300 (GMT+03:00),324375.6856592864
Fri May 23 2025 13:45:00 GMT+0300 (GMT+03:00),324201.13131233834
Fri May 23 2025 13:46:00 GMT+0300 (GMT+03:00),323817.11174905265
Fri May 23 2025 13:47:00 GMT+0300 (GMT+03:00),324417.0002976173
Fri May 23 2025 13:48:00 GMT+0300 (GMT+03:00),324283.1867745789
Fri May 23 2025 13:49:00 GMT+0300 (GMT+03:00),323807.2650935838
Fri May 23 2025 13:50:00 GMT+0300 (GMT+03:00),324316.0089594751
Fri May 23 2025 13:51:00 GMT+0300 (GMT+03:00),324095.6314323148
Fri May 23 2025 13:52:00 GMT+0300 (GMT+03:00),324274.98122835485
Fri May 23 2025 13:53:00 GMT+0300 (GMT+03:00),324217.54240478645
Fri May 23 2025 13:54:00 GMT+0300 (GMT+03:00),324321.9766294562
Fri May 23 2025 13:55:00 GMT+0300 (GMT+03:00),324412.1310723854
Fri May 23 2025 13:56:00 GMT+0300 (GMT+03:00),324250.36458968266
Fri May 23 2025 13:57:00 GMT+0300 (GMT+03:00),323610.3319842065
Fri May 23 2025 13:58:00 GMT+0300 (GMT+03:00),324260.2112451515
Fri May 23 2025 13:59:00 GMT+0300 (GMT+03:00),323462.63215217355
Fri May 23 2025 14:00:00 GMT+0300 (GMT+03:00),324348.8311443713
Fri May 23 2025 14:01:00 GMT+0300 (GMT+03:00),324095.6314323148
Fri May 23 2025 14:02:00 GMT+0300 (GMT+03:00),323536.48206819006
Fri May 23 2025 14:03:00 GMT+0300 (GMT+03:00),324348.8311443713
Fri May 23 2025 14:04:00 GMT+0300 (GMT+03:00),324373.4477830435
Fri May 23 2025 14:05:00 GMT+0300 (GMT+03:00),324053.4314803054
Fri May 23 2025 14:06:00 GMT+0300 (GMT+03:00),323994.3515474922
Fri May 23 2025 14:07:00 GMT+0300 (GMT+03:00),324422.6810603878
Fri May 23 2025 14:08:00 GMT+0300 (GMT+03:00),324644.2308084372
Fri May 23 2025 14:13:00 GMT+0300 (GMT+03:00),47905.02206220256
Fri May 23 2025 14:14:00 GMT+0300 (GMT+03:00),101653.31143370103
Fri May 23 2025 14:15:00 GMT+0300 (GMT+03:00),163865.26133282794
Fri May 23 2025 14:16:00 GMT+0300 (GMT+03:00),220660.3141407137
Fri May 23 2025 14:17:00 GMT+0300 (GMT+03:00),292982.75772355444
Fri May 23 2025 14:18:00 GMT+0300 (GMT+03:00),324637.1004717184
Fri May 23 2025 14:19:00 GMT+0300 (GMT+03:00),324640.1563303122
Fri May 23 2025 14:20:00 GMT+0300 (GMT+03:00),324398.0644217156
Fri May 23 2025 14:21:00 GMT+0300 (GMT+03:00),324462.44639978127
Fri May 23 2025 14:22:00 GMT+0300 (GMT+03:00),324375.6856592864
Fri May 23 2025 14:23:00 GMT+0300 (GMT+03:00),324634.49235797353
Fri May 23 2025 14:24:00 GMT+0300 (GMT+03:00),324641.7793589429
Fri May 23 2025 14:25:00 GMT+0300 (GMT+03:00),324535.39935325505
Fri May 23 2025 14:26:00 GMT+0300 (GMT+03:00),324478.06849740015
Fri May 23 2025 14:27:00 GMT+0300 (GMT+03:00),324348.8311443713
Fri May 23 2025 14:28:00 GMT+0300 (GMT+03:00),324618.66737597
Fri May 23 2025 14:29:00 GMT+0300 (GMT+03:00),324643.2748224694
Fri May 23 2025 14:30:00 GMT+0300 (GMT+03:00),324596.9668621867
Fri May 23 2025 14:31:00 GMT+0300 (GMT+03:00),324522.5956526454
Fri May 23 2025 14:32:00 GMT+0300 (GMT+03:00),324511.3009596076
Fri May 23 2025 14:33:00 GMT+0300 (GMT+03:00),324585.15087562404
Fri May 23 2025 14:34:00 GMT+0300 (GMT+03:00),324642.58512785746
Fri May 23 2025 14:35:00 GMT+0300 (GMT+03:00),324594.9975310929
Fri May 23 2025 14:36:00 GMT+0300 (GMT+03:00),324608.7828487493
Fri May 23 2025 14:37:00 GMT+0300 (GMT+03:00),324577.0945211495
Fri May 23 2025 14:38:00 GMT+0300 (GMT+03:00),324596.9668621867
Fri May 23 2025 14:39:00 GMT+0300 (GMT+03:00),324644.2308084372
Fri May 23 2025 14:40:00 GMT+0300 (GMT+03:00),324615.2700570582
Fri May 23 2025 14:41:00 GMT+0300 (GMT+03:00),324580.01349016203
Fri May 23 2025 14:42:00 GMT+0300 (GMT+03:00),324590.52177860704
Fri May 23 2025 14:43:00 GMT+0300 (GMT+03:00),324598.78470627323
Fri May 23 2025 14:44:00 GMT+0300 (GMT+03:00),324643.3047906815
Fri May 23 2025 14:45:00 GMT+0300 (GMT+03:00),324630.4912891783
Fri May 23 2025 14:46:00 GMT+0300 (GMT+03:00),324634.7017870158
Fri May 23 2025 14:47:00 GMT+0300 (GMT+03:00),324589.52716694353
Fri May 23 2025 14:48:00 GMT+0300 (GMT+03:00),324644.2308084372
Fri May 23 2025 14:53:00 GMT+0300 (GMT+03:00),47948.931339986426
Fri May 23 2025 14:54:00 GMT+0300 (GMT+03:00),102688.66923534058
Fri May 23 2025 14:55:00 GMT+0300 (GMT+03:00),165229.5419544704
Fri May 23 2025 14:56:00 GMT+0300 (GMT+03:00),240137.0672571876
Fri May 23 2025 14:57:00 GMT+0300 (GMT+03:00),293117.03029812983
Fri May 23 2025 14:58:00 GMT+0300 (GMT+03:00),324637.1468836395
Fri May 23 2025 14:59:00 GMT+0300 (GMT+03:00),324127.2813963219
Fri May 23 2025 15:00:00 GMT+0300 (GMT+03:00),323068.765933419
Fri May 23 2025 15:01:00 GMT+0300 (GMT+03:00),323462.63215217355
Fri May 23 2025 15:02:00 GMT+0300 (GMT+03:00),324378.3711107779
Fri May 23 2025 15:03:00 GMT+0300 (GMT+03:00),324636.90079195914
Fri May 23 2025 15:04:00 GMT+0300 (GMT+03:00),324541.4830991969
Fri May 23 2025 15:05:00 GMT+0300 (GMT+03:00),324348.8311443713
Fri May 23 2025 15:06:00 GMT+0300 (GMT+03:00),324164.2063543301
Fri May 23 2025 15:07:00 GMT+0300 (GMT+03:00),324201.13131233834
Fri May 23 2025 15:08:00 GMT+0300 (GMT+03:00),324637.8487169296
Fri May 23 2025 15:09:00 GMT+0300 (GMT+03:00),324638.14009371423
Fri May 23 2025 15:10:00 GMT+0300 (GMT+03:00),324550.94670399535
Fri May 23 2025 15:11:00 GMT+0300 (GMT+03:00),324375.6856592864
Fri May 23 2025 15:12:00 GMT+0300 (GMT+03:00),324522.5956526454
Fri May 23 2025 15:13:00 GMT+0300 (GMT+03:00),324633.6430068578
Fri May 23 2025 15:14:00 GMT+0300 (GMT+03:00),324631.00395780744
Fri May 23 2025 15:15:00 GMT+0300 (GMT+03:00),324506.3776318731
Fri May 23 2025 15:16:00 GMT+0300 (GMT+03:00),324348.8311443713
Fri May 23 2025 15:17:00 GMT+0300 (GMT+03:00),324375.6856592864
Fri May 23 2025 15:18:00 GMT+0300 (GMT+03:00),324625.4155432101
Fri May 23 2025 15:19:00 GMT+0300 (GMT+03:00),324644.2308084372
Fri May 23 2025 15:20:00 GMT+0300 (GMT+03:00),324555.61090921744
Fri May 23 2025 15:21:00 GMT+0300 (GMT+03:00),324592.85695381707
Fri May 23 2025 15:22:00 GMT+0300 (GMT+03:00),324531.6976030788
Fri May 23 2025 15:23:00 GMT+0300 (GMT+03:00),324596.00229185505
Fri May 23 2025 15:24:00 GMT+0300 (GMT+03:00),324640.9023615182
Fri May 23 2025 15:25:00 GMT+0300 (GMT+03:00),324570.3808924208
Fri May 23 2025 15:26:00 GMT+0300 (GMT+03:00),324540.8409260142
Fri May 23 2025 15:27:00 GMT+0300 (GMT+03:00),324570.3808924208
Fri May 23 2025 15:28:00 GMT+0300 (GMT+03:00),324611.408623541
Fri May 23 2025 15:33:00 GMT+0300 (GMT+03:00),47905.02206220256
Fri May 23 2025 15:34:00 GMT+0300 (GMT+03:00),101841.5583067264
Fri May 23 2025 15:35:00 GMT+0300 (GMT+03:00),165456.92205807744
Fri May 23 2025 15:36:00 GMT+0300 (GMT+03:00),220794.82210422528
Fri May 23 2025 15:37:00 GMT+0300 (GMT+03:00),291102.94167949865
Fri May 23 2025 15:38:00 GMT+0300 (GMT+03:00),324633.8659079437
Fri May 23 2025 15:39:00 GMT+0300 (GMT+03:00),324644.2308084372
Fri May 23 2025 15:40:00 GMT+0300 (GMT+03:00),324617.0229446417
Fri May 23 2025 15:41:00 GMT+0300 (GMT+03:00),324466.99100999767
Fri May 23 2025 15:42:00 GMT+0300 (GMT+03:00),323068.765933419
Fri May 23 2025 15:43:00 GMT+0300 (GMT+03:00),324628.26325902826
Fri May 23 2025 15:44:00 GMT+0300 (GMT+03:00),324644.2308084372
Fri May 23 2025 15:45:00 GMT+0300 (GMT+03:00),324639.0784887152
Fri May 23 2025 15:46:00 GMT+0300 (GMT+03:00),324603.9490360646
Fri May 23 2025 15:47:00 GMT+0300 (GMT+03:00),324422.6810603878
Fri May 23 2025 15:48:00 GMT+0300 (GMT+03:00),324625.01782215654
Fri May 23 2025 15:49:00 GMT+0300 (GMT+03:00),324644.2308084372
Fri May 23 2025 15:50:00 GMT+0300 (GMT+03:00),324640.8223507749
Fri May 23 2025 15:51:00 GMT+0300 (GMT+03:00),324519.8520025148
Fri May 23 2025 15:52:00 GMT+0300 (GMT+03:00),324486.6843209354
Fri May 23 2025 15:53:00 GMT+0300 (GMT+03:00),324604.46546904376
Fri May 23 2025 15:54:00 GMT+0300 (GMT+03:00),324643.6713393765
Fri May 23 2025 15:55:00 GMT+0300 (GMT+03:00),324641.7553922579
Fri May 23 2025 15:56:00 GMT+0300 (GMT+03:00),324598.78470627323
Fri May 23 2025 15:57:00 GMT+0300 (GMT+03:00),324529.3531613005
Fri May 23 2025 15:58:00 GMT+0300 (GMT+03:00),324615.6437441728
Fri May 23 2025 15:59:00 GMT+0300 (GMT+03:00),324643.6400091091
Fri May 23 2025 16:00:00 GMT+0300 (GMT+03:00),324642.7720446641
Fri May 23 2025 16:01:00 GMT+0300 (GMT+03:00),324602.0308564278
Fri May 23 2025 16:02:00 GMT+0300 (GMT+03:00),324487.8427509906
Fri May 23 2025 16:03:00 GMT+0300 (GMT+03:00),324522.5956526454
Fri May 23 2025 16:04:00 GMT+0300 (GMT+03:00),324643.490458402
Fri May 23 2025 16:05:00 GMT+0300 (GMT+03:00),324644.2308084372
Fri May 23 2025 16:06:00 GMT+0300 (GMT+03:00),324621.5077573552
Fri May 23 2025 16:07:00 GMT+0300 (GMT+03:00),324526.07094281085
Fri May 23 2025 16:08:00 GMT+0300 (GMT+03:00),324617.37629352213
Fri May 23 2025 16:13:00 GMT+0300 (GMT+03:00),43629.8551070639
Fri May 23 2025 16:14:00 GMT+0300 (GMT+03:00),102641.60751708422
Fri May 23 2025 16:15:00 GMT+0300 (GMT+03:00),165381.12869020842
Fri May 23 2025 16:16:00 GMT+0300 (GMT+03:00),240137.0672571876
Fri May 23 2025 16:17:00 GMT+0300 (GMT+03:00),292848.485148979
Fri May 23 2025 16:18:00 GMT+0300 (GMT+03:00),324640.3482279676
Fri May 23 2025 16:19:00 GMT+0300 (GMT+03:00),324283.1867745789
Fri May 23 2025 16:20:00 GMT+0300 (GMT+03:00),323698.9518834263
Fri May 23 2025 16:21:00 GMT+0300 (GMT+03:00),323758.03181623947
Fri May 23 2025 16:22:00 GMT+0300 (GMT+03:00),324184.72021989024
Fri May 23 2025 16:23:00 GMT+0300 (GMT+03:00),324642.47247710347
Fri May 23 2025 16:24:00 GMT+0300 (GMT+03:00),324620.46301937447
Fri May 23 2025 16:25:00 GMT+0300 (GMT+03:00),324217.54240478645
Fri May 23 2025 16:26:00 GMT+0300 (GMT+03:00),323536.48206819006
Fri May 23 2025 16:27:00 GMT+0300 (GMT+03:00),324090.3564383136
Fri May 23 2025 16:28:00 GMT+0300 (GMT+03:00),324640.8354099997
Fri May 23 2025 16:29:00 GMT+0300 (GMT+03:00),324633.6808204349
Fri May 23 2025 16:30:00 GMT+0300 (GMT+03:00),324319.2911779647
Fri May 23 2025 16:31:00 GMT+0300 (GMT+03:00),324241.41308471095
Fri May 23 2025 16:32:00 GMT+0300 (GMT+03:00),324127.2813963219
Fri May 23 2025 16:33:00 GMT+0300 (GMT+03:00),324639.1023420472
Fri May 23 2025 16:34:00 GMT+0300 (GMT+03:00),324641.62434081314
Fri May 23 2025 16:35:00 GMT+0300 (GMT+03:00),324557.3485543002
Fri May 23 2025 16:36:00 GMT+0300 (GMT+03:00),324348.8311443713
Fri May 23 2025 16:37:00 GMT+0300 (GMT+03:00),324496.53097640426
Fri May 23 2025 16:38:00 GMT+0300 (GMT+03:00),324641.26693220914
Fri May 23 2025 16:39:00 GMT+0300 (GMT+03:00),324644.2308084372
Fri May 23 2025 16:40:00 GMT+0300 (GMT+03:00),324545.7642537486
Fri May 23 2025 16:41:00 GMT+0300 (GMT+03:00),324487.8427509906
Fri May 23 2025 16:42:00 GMT+0300 (GMT+03:00),324487.8427509906
Fri May 23 2025 16:43:00 GMT+0300 (GMT+03:00),324594.9975310929
Fri May 23 2025 16:44:00 GMT+0300 (GMT+03:00),324643.88287008146
Fri May 23 2025 16:45:00 GMT+0300 (GMT+03:00),324583.1136365615
Fri May 23 2025 16:46:00 GMT+0300 (GMT+03:00),324562.1753461967
Fri May 23 2025 16:47:00 GMT+0300 (GMT+03:00),324607.305850429
Fri May 23 2025 16:48:00 GMT+0300 (GMT+03:00),324607.305850429
Fri May 23 2025 16:53:00 GMT+0300 (GMT+03:00),39790.51495042465
Fri May 23 2025 16:54:00 GMT+0300 (GMT+03:00),101559.18799718832
Fri May 23 2025 16:55:00 GMT+0300 (GMT+03:00),164168.43480430404
Fri May 23 2025 16:56:00 GMT+0300 (GMT+03:00),217902.9008887268
Fri May 23 2025 16:57:00 GMT+0300 (GMT+03:00),290565.851381197
Fri May 23 2025 16:58:00 GMT+0300 (GMT+03:00),324633.92616899306
Fri May 23 2025 16:59:00 GMT+0300 (GMT+03:00),324644.2308084372
Fri May 23 2025 17:00:00 GMT+0300 (GMT+03:00),324644.2308084372
Fri May 23 2025 17:01:00 GMT+0300 (GMT+03:00),324568.80961761187
Fri May 23 2025 17:02:00 GMT+0300 (GMT+03:00),323536.48206819006
Fri May 23 2025 17:03:00 GMT+0300 (GMT+03:00),324624.6561319027
Fri May 23 2025 17:04:00 GMT+0300 (GMT+03:00),324644.2308084372
Fri May 23 2025 17:05:00 GMT+0300 (GMT+03:00),324644.2308084372
Fri May 23 2025 17:06:00 GMT+0300 (GMT+03:00),324624.15510311234
Fri May 23 2025 17:07:00 GMT+0300 (GMT+03:00),324090.3564383136
Fri May 23 2025 17:08:00 GMT+0300 (GMT+03:00),324606.3590566339
Fri May 23 2025 17:09:00 GMT+0300 (GMT+03:00),324643.7258517465
Fri May 23 2025 17:10:00 GMT+0300 (GMT+03:00),324644.2308084372
Fri May 23 2025 17:11:00 GMT+0300 (GMT+03:00),324642.7002402296
Fri May 23 2025 17:12:00 GMT+0300 (GMT+03:00),324505.219201818
Fri May 23 2025 17:13:00 GMT+0300 (GMT+03:00),324537.8869293735
Fri May 23 2025 17:14:00 GMT+0300 (GMT+03:00),324643.6734505805
Fri May 23 2025 17:15:00 GMT+0300 (GMT+03:00),324644.2308084372
Fri May 23 2025 17:16:00 GMT+0300 (GMT+03:00),324644.2308084372
Fri May 23 2025 17:17:00 GMT+0300 (GMT+03:00),324596.5857013298
Fri May 23 2025 17:18:00 GMT+0300 (GMT+03:00),324466.99100999767
Fri May 23 2025 17:19:00 GMT+0300 (GMT+03:00),324642.1935693747
Fri May 23 2025 17:20:00 GMT+0300 (GMT+03:00),324644.2308084372
Fri May 23 2025 17:21:00 GMT+0300 (GMT+03:00),324644.2308084372
Fri May 23 2025 17:22:00 GMT+0300 (GMT+03:00),324644.2308084372
Fri May 23 2025 17:23:00 GMT+0300 (GMT+03:00),324598.78470627323
Fri May 23 2025 17:24:00 GMT+0300 (GMT+03:00),324641.6089179278
Fri May 23 2025 17:25:00 GMT+0300 (GMT+03:00),324644.2308084372
Fri May 23 2025 17:26:00 GMT+0300 (GMT+03:00),324643.5900282549
Fri May 23 2025 17:27:00 GMT+0300 (GMT+03:00),324638.76044428785
Fri May 23 2025 17:28:00 GMT+0300 (GMT+03:00),324644.2308084372
Fri May 23 2025 17:33:00 GMT+0300 (GMT+03:00),39699.79330211088
Fri May 23 2025 17:34:00 GMT+0300 (GMT+03:00),102641.60751708422
Fri May 23 2025 17:35:00 GMT+0300 (GMT+03:00),164016.848068566
Fri May 23 2025 17:36:00 GMT+0300 (GMT+03:00),220979.77055405368
Fri May 23 2025 17:37:00 GMT+0300 (GMT+03:00),292848.485148979
Fri May 23 2025 17:38:00 GMT+0300 (GMT+03:00),324642.3070769057
Fri May 23 2025 17:39:00 GMT+0300 (GMT+03:00),324533.4559344125
Fri May 23 2025 17:40:00 GMT+0300 (GMT+03:00),324412.1310723854
Fri May 23 2025 17:41:00 GMT+0300 (GMT+03:00),324260.2112451515
Fri May 23 2025 17:42:00 GMT+0300 (GMT+03:00),323954.96492561675
Fri May 23 2025 17:43:00 GMT+0300 (GMT+03:00),324641.8966583261
Fri May 23 2025 17:44:00 GMT+0300 (GMT+03:00),324637.8322597571
Fri May 23 2025 17:45:00 GMT+0300 (GMT+03:00),324447.29769905994
Fri May 23 2025 17:46:00 GMT+0300 (GMT+03:00),324496.53097640426
Fri May 23 2025 17:47:00 GMT+0300 (GMT+03:00),324398.0644217156
Fri May 23 2025 17:48:00 GMT+0300 (GMT+03:00),324641.6011378372
Fri May 23 2025 17:49:00 GMT+0300 (GMT+03:00),324639.8218582273
Fri May 23 2025 17:50:00 GMT+0300 (GMT+03:00),324526.07094281085
Fri May 23 2025 17:51:00 GMT+0300 (GMT+03:00),324522.5956526454
Fri May 23 2025 17:52:00 GMT+0300 (GMT+03:00),324447.29769905994
Fri May 23 2025 17:53:00 GMT+0300 (GMT+03:00),324641.23400025105
Fri May 23 2025 17:54:00 GMT+0300 (GMT+03:00),324643.41815461585
Fri May 23 2025 17:55:00 GMT+0300 (GMT+03:00),324487.8427509906
Fri May 23 2025 17:56:00 GMT+0300 (GMT+03:00),324550.94670399535
Fri May 23 2025 17:57:00 GMT+0300 (GMT+03:00),324433.2310483901
Fri May 23 2025 17:58:00 GMT+0300 (GMT+03:00),324633.8824125623
Fri May 23 2025 17:59:00 GMT+0300 (GMT+03:00),324643.6907724883
Fri May 23 2025 18:00:00 GMT+0300 (GMT+03:00),324526.07094281085
Fri May 23 2025 18:01:00 GMT+0300 (GMT+03:00),324587.964205758
Fri May 23 2025 18:02:00 GMT+0300 (GMT+03:00),324512.9420688524
Fri May 23 2025 18:03:00 GMT+0300 (GMT+03:00),324545.7642537486
Fri May 23 2025 18:04:00 GMT+0300 (GMT+03:00),324643.7998825961
Fri May 23 2025 18:05:00 GMT+0300 (GMT+03:00),324635.79081803537
Fri May 23 2025 18:06:00 GMT+0300 (GMT+03:00),324540.8409260142
Fri May 23 2025 18:07:00 GMT+0300 (GMT+03:00),324496.53097640426
Fri May 23 2025 18:08:00 GMT+0300 (GMT+03:00),324607.305850429
Fri May 23 2025 18:13:00 GMT+0300 (GMT+03:00),36156.700564329
Fri May 23 2025 18:14:00 GMT+0300 (GMT+03:00),101747.4348702137
Fri May 23 2025 18:15:00 GMT+0300 (GMT+03:00),150415.3836891613
Fri May 23 2025 18:16:00 GMT+0300 (GMT+03:00),219920.52034140012
Fri May 23 2025 18:17:00 GMT+0300 (GMT+03:00),267777.8772961124
Fri May 23 2025 18:18:00 GMT+0300 (GMT+03:00),324632.14627672546
Fri May 23 2025 18:19:00 GMT+0300 (GMT+03:00),324644.2308084372
Fri May 23 2025 18:20:00 GMT+0300 (GMT+03:00),324644.2308084372
Fri May 23 2025 18:21:00 GMT+0300 (GMT+03:00),324644.2308084372
Fri May 23 2025 18:22:00 GMT+0300 (GMT+03:00),324551.3909140165
Fri May 23 2025 18:23:00 GMT+0300 (GMT+03:00),324631.19847031665
Fri May 23 2025 18:24:00 GMT+0300 (GMT+03:00),324644.2308084372
Fri May 23 2025 18:25:00 GMT+0300 (GMT+03:00),324644.2308084372
Fri May 23 2025 18:26:00 GMT+0300 (GMT+03:00),324643.74173614575
Fri May 23 2025 18:27:00 GMT+0300 (GMT+03:00),324631.9224891011
Fri May 23 2025 18:28:00 GMT+0300 (GMT+03:00),324618.16613219614
Fri May 23 2025 18:29:00 GMT+0300 (GMT+03:00),324644.2308084372
Fri May 23 2025 18:30:00 GMT+0300 (GMT+03:00),324644.2308084372
Fri May 23 2025 18:31:00 GMT+0300 (GMT+03:00),324644.2308084372
Fri May 23 2025 18:32:00 GMT+0300 (GMT+03:00),324644.2308084372
Fri May 23 2025 18:33:00 GMT+0300 (GMT+03:00),324591.48086842545
Fri May 23 2025 18:34:00 GMT+0300 (GMT+03:00),324644.2308084372
Fri May 23 2025 18:35:00 GMT+0300 (GMT+03:00),324644.2308084372
Fri May 23 2025 18:36:00 GMT+0300 (GMT+03:00),324644.2308084372
Fri May 23 2025 18:37:00 GMT+0300 (GMT+03:00),324643.08139340195
Fri May 23 2025 18:38:00 GMT+0300 (GMT+03:00),324576.06165519124
Fri May 23 2025 18:39:00 GMT+0300 (GMT+03:00),324641.9929321943
Fri May 23 2025 18:40:00 GMT+0300 (GMT+03:00),324644.2308084372
Fri May 23 2025 18:41:00 GMT+0300 (GMT+03:00),324644.2308084372
Fri May 23 2025 18:42:00 GMT+0300 (GMT+03:00),324643.4714262674
Fri May 23 2025 18:43:00 GMT+0300 (GMT+03:00),324617.37629352213
Fri May 23 2025 18:44:00 GMT+0300 (GMT+03:00),324642.26801997167
Fri May 23 2025 18:45:00 GMT+0300 (GMT+03:00),324644.2308084372
Fri May 23 2025 18:46:00 GMT+0300 (GMT+03:00),324644.2308084372
Fri May 23 2025 18:47:00 GMT+0300 (GMT+03:00),324643.6352445984
Fri May 23 2025 18:48:00 GMT+0300 (GMT+03:00),324644.2308084372
Fri May 23 2025 18:53:00 GMT+0300 (GMT+03:00),24672.9805846821
Fri May 23 2025 18:54:00 GMT+0300 (GMT+03:00),92583.23482429671
Fri May 23 2025 18:55:00 GMT+0300 (GMT+03:00),150759.89899765686
Fri May 23 2025 18:56:00 GMT+0300 (GMT+03:00),220660.3141407137
Fri May 23 2025 18:57:00 GMT+0300 (GMT+03:00),290565.851381197
Fri May 23 2025 18:58:00 GMT+0300 (GMT+03:00),324642.4502197448
Fri May 23 2025 18:59:00 GMT+0300 (GMT+03:00),324635.3466080142
Fri May 23 2025 19:00:00 GMT+0300 (GMT+03:00),324433.2310483901
Fri May 23 2025 19:01:00 GMT+0300 (GMT+03:00),324567.64571034606
Fri May 23 2025 19:02:00 GMT+0300 (GMT+03:00),324283.1867745789
Fri May 23 2025 19:03:00 GMT+0300 (GMT+03:00),324642.7632444568
Fri May 23 2025 19:04:00 GMT+0300 (GMT+03:00),324641.2768117966
Fri May 23 2025 19:05:00 GMT+0300 (GMT+03:00),324398.0644217156
Fri May 23 2025 19:06:00 GMT+0300 (GMT+03:00),324591.48086842545
Fri May 23 2025 19:07:00 GMT+0300 (GMT+03:00),324511.3009596076
Fri May 23 2025 19:08:00 GMT+0300 (GMT+03:00),324643.4479471367
Fri May 23 2025 19:09:00 GMT+0300 (GMT+03:00),324643.0873258666
Fri May 23 2025 19:10:00 GMT+0300 (GMT+03:00),324486.6843209354
Fri May 23 2025 19:11:00 GMT+0300 (GMT+03:00),324612.58084443014
Fri May 23 2025 19:12:00 GMT+0300 (GMT+03:00),324504.3046517744
Fri May 23 2025 19:13:00 GMT+0300 (GMT+03:00),324641.6710193205
Fri May 23 2025 19:14:00 GMT+0300 (GMT+03:00),324644.2308084372
Fri May 23 2025 19:15:00 GMT+0300 (GMT+03:00),324610.14623181423
Fri May 23 2025 19:16:00 GMT+0300 (GMT+03:00),324570.3808924208
Fri May 23 2025 19:17:00 GMT+0300 (GMT+03:00),324612.58084443014
Fri May 23 2025 19:18:00 GMT+0300 (GMT+03:00),324637.4788161157
Fri May 23 2025 19:19:00 GMT+0300 (GMT+03:00),324644.2308084372
Fri May 23 2025 19:20:00 GMT+0300 (GMT+03:00),324587.42318073224
Fri May 23 2025 19:21:00 GMT+0300 (GMT+03:00),324535.39935325505
Fri May 23 2025 19:22:00 GMT+0300 (GMT+03:00),324613.6722224994
Fri May 23 2025 19:23:00 GMT+0300 (GMT+03:00),324487.8427509906
Fri May 23 2025 19:24:00 GMT+0300 (GMT+03:00),324644.0728407024
Fri May 23 2025 19:25:00 GMT+0300 (GMT+03:00),324617.37629352213
Fri May 23 2025 19:26:00 GMT+0300 (GMT+03:00),324587.964205758
Fri May 23 2025 19:27:00 GMT+0300 (GMT+03:00),324628.6834576969
Fri May 23 2025 19:28:00 GMT+0300 (GMT+03:00),324563.66726369195
