TimeSeries ID,request_latencies.cloud_run_revision.ALIGN_DELTA.REDUCE_PERCENTILE_99.metric.type="run.googleapis.com/request_latencies" resource.type="cloud_run_revision" AND resource.labels."location"="us-central1" AND resource.labels."project_id"="llm-workload-characterization4" AND resource.labels."service_name"="ollama-deepseek".project_id:llm-workload-characterization4.service_name:ollama-deepseek
service_name,ollama-deepseek
project_id,llm-workload-characterization4
Sun May 25 2025 19:09:00 GMT+0300 (GMT+03:00),46829.24475649773
Sun May 25 2025 19:10:00 GMT+0300 (GMT+03:00),68080.5404459631
Sun May 25 2025 19:11:00 GMT+0300 (GMT+03:00),69930.59395299327
Sun May 25 2025 19:12:00 GMT+0300 (GMT+03:00),75124.31559377177
Sun May 25 2025 19:13:00 GMT+0300 (GMT+03:00),76545.37710170899
Sun May 25 2025 19:14:00 GMT+0300 (GMT+03:00),82325.59529690866
Sun May 25 2025 19:15:00 GMT+0300 (GMT+03:00),75719.51137938291
Sun May 25 2025 19:16:00 GMT+0300 (GMT+03:00),70571.68392309347
Sun May 25 2025 19:17:00 GMT+0300 (GMT+03:00),70614.54230549572
Sun May 25 2025 19:18:00 GMT+0300 (GMT+03:00),83590.9461789525
Sun May 25 2025 19:19:00 GMT+0300 (GMT+03:00),90672.24384055432
Sun May 25 2025 19:20:00 GMT+0300 (GMT+03:00),85236.161618823
Sun May 25 2025 19:21:00 GMT+0300 (GMT+03:00),77292.94974332528
Sun May 25 2025 19:22:00 GMT+0300 (GMT+03:00),88732.73060332317
Sun May 25 2025 19:23:00 GMT+0300 (GMT+03:00),85140.61770644486
Sun May 25 2025 19:24:00 GMT+0300 (GMT+03:00),85352.8435649131
Sun May 25 2025 19:25:00 GMT+0300 (GMT+03:00),75454.32513826905
Sun May 25 2025 19:26:00 GMT+0300 (GMT+03:00),75489.68330375086
Sun May 25 2025 19:27:00 GMT+0300 (GMT+03:00),77540.45690169823
Sun May 25 2025 19:28:00 GMT+0300 (GMT+03:00),83907.28389946344
Sun May 25 2025 19:29:00 GMT+0300 (GMT+03:00),93973.6946818705
Sun May 25 2025 19:30:00 GMT+0300 (GMT+03:00),99582.59583042192
Sun May 25 2025 19:31:00 GMT+0300 (GMT+03:00),93552.99144291227
Sun May 25 2025 19:32:00 GMT+0300 (GMT+03:00),85477.00512293205
Sun May 25 2025 19:33:00 GMT+0300 (GMT+03:00),83058.09862514099
Sun May 25 2025 19:34:00 GMT+0300 (GMT+03:00),77602.33369129147
Sun May 25 2025 19:35:00 GMT+0300 (GMT+03:00),76525.17243571936
Sun May 25 2025 19:36:00 GMT+0300 (GMT+03:00),73651.05869869464
Sun May 25 2025 19:37:00 GMT+0300 (GMT+03:00),73368.19337483984
Sun May 25 2025 19:38:00 GMT+0300 (GMT+03:00),77345.98699154804
Sun May 25 2025 19:39:00 GMT+0300 (GMT+03:00),81988.51411931502
Sun May 25 2025 19:40:00 GMT+0300 (GMT+03:00),91984.26750103418
Sun May 25 2025 19:49:00 GMT+0300 (GMT+03:00),54299.091093089744
Sun May 25 2025 19:50:00 GMT+0300 (GMT+03:00),63498.58974550513
Sun May 25 2025 19:51:00 GMT+0300 (GMT+03:00),68851.99132920349
Sun May 25 2025 19:52:00 GMT+0300 (GMT+03:00),69932.02256574
Sun May 25 2025 19:53:00 GMT+0300 (GMT+03:00),73615.70053321277
Sun May 25 2025 19:54:00 GMT+0300 (GMT+03:00),70531.50418959137
Sun May 25 2025 19:55:00 GMT+0300 (GMT+03:00),83730.9645142606
Sun May 25 2025 19:56:00 GMT+0300 (GMT+03:00),97511.88022714283
Sun May 25 2025 19:57:00 GMT+0300 (GMT+03:00),81055.05855059417
Sun May 25 2025 19:58:00 GMT+0300 (GMT+03:00),89117.78102542054
Sun May 25 2025 19:59:00 GMT+0300 (GMT+03:00),85130.47145026311
Sun May 25 2025 20:00:00 GMT+0300 (GMT+03:00),84380.4940141622
Sun May 25 2025 20:01:00 GMT+0300 (GMT+03:00),84609.96850813941
Sun May 25 2025 20:02:00 GMT+0300 (GMT+03:00),91984.26750103418
Sun May 25 2025 20:03:00 GMT+0300 (GMT+03:00),76833.29359206122
Sun May 25 2025 20:04:00 GMT+0300 (GMT+03:00),63800.546530611835
Sun May 25 2025 20:05:00 GMT+0300 (GMT+03:00),75648.79504841923
Sun May 25 2025 20:06:00 GMT+0300 (GMT+03:00),70373.46390448311
Sun May 25 2025 20:07:00 GMT+0300 (GMT+03:00),60459.54081152787
Sun May 25 2025 20:08:00 GMT+0300 (GMT+03:00),67019.79548150758
Sun May 25 2025 20:09:00 GMT+0300 (GMT+03:00),77363.66607428895
Sun May 25 2025 20:10:00 GMT+0300 (GMT+03:00),66794.78897389582
Sun May 25 2025 20:11:00 GMT+0300 (GMT+03:00),68723.41618199676
Sun May 25 2025 20:12:00 GMT+0300 (GMT+03:00),77709.39035900039
Sun May 25 2025 20:13:00 GMT+0300 (GMT+03:00),83116.43959818604
Sun May 25 2025 20:14:00 GMT+0300 (GMT+03:00),75807.90679308753
Sun May 25 2025 20:15:00 GMT+0300 (GMT+03:00),77505.09873621636
Sun May 25 2025 20:16:00 GMT+0300 (GMT+03:00),83902.09803519279
Sun May 25 2025 20:17:00 GMT+0300 (GMT+03:00),84266.59020964567
Sun May 25 2025 20:18:00 GMT+0300 (GMT+03:00),85425.32780415089
Sun May 25 2025 20:19:00 GMT+0300 (GMT+03:00),92768.62947197323
Sun May 25 2025 20:20:00 GMT+0300 (GMT+03:00),83622.06136457651
Sun May 25 2025 20:29:00 GMT+0300 (GMT+03:00),49314.50987906476
Sun May 25 2025 20:30:00 GMT+0300 (GMT+03:00),99519.84687274681
Sun May 25 2025 20:31:00 GMT+0300 (GMT+03:00),151150.3496806185
Sun May 25 2025 20:32:00 GMT+0300 (GMT+03:00),199132.92598052268
Sun May 25 2025 20:33:00 GMT+0300 (GMT+03:00),242860.85351829664
Sun May 25 2025 20:34:00 GMT+0300 (GMT+03:00),267526.52961956727
Sun May 25 2025 20:35:00 GMT+0300 (GMT+03:00),279689.7728405884
Sun May 25 2025 20:36:00 GMT+0300 (GMT+03:00),293761.53865609184
Sun May 25 2025 20:37:00 GMT+0300 (GMT+03:00),319664.6364713261
Sun May 25 2025 20:38:00 GMT+0300 (GMT+03:00),322344.33342392405
Sun May 25 2025 20:39:00 GMT+0300 (GMT+03:00),323485.35520325555
Sun May 25 2025 20:40:00 GMT+0300 (GMT+03:00),312237.4449176688
Sun May 25 2025 20:41:00 GMT+0300 (GMT+03:00),295066.6680809649
Sun May 25 2025 20:42:00 GMT+0300 (GMT+03:00),321764.08408379456
Sun May 25 2025 20:43:00 GMT+0300 (GMT+03:00),322802.3270207321
Sun May 25 2025 20:44:00 GMT+0300 (GMT+03:00),323054.6992827492
Sun May 25 2025 20:45:00 GMT+0300 (GMT+03:00),323792.78471789433
Sun May 25 2025 20:46:00 GMT+0300 (GMT+03:00),323401.0905554932
Sun May 25 2025 20:47:00 GMT+0300 (GMT+03:00),321306.2146044924
Sun May 25 2025 20:48:00 GMT+0300 (GMT+03:00),293947.0789409597
Sun May 25 2025 20:49:00 GMT+0300 (GMT+03:00),308101.8496207461
Sun May 25 2025 20:50:00 GMT+0300 (GMT+03:00),321690.2341677781
Sun May 25 2025 20:51:00 GMT+0300 (GMT+03:00),315634.54105442687
Sun May 25 2025 20:52:00 GMT+0300 (GMT+03:00),319749.03637534496
Sun May 25 2025 20:53:00 GMT+0300 (GMT+03:00),294210.39269110106
Sun May 25 2025 20:54:00 GMT+0300 (GMT+03:00),293760.12526057
Sun May 25 2025 20:55:00 GMT+0300 (GMT+03:00),294390.5853236482
Sun May 25 2025 20:56:00 GMT+0300 (GMT+03:00),294622.5972513478
Sun May 25 2025 20:57:00 GMT+0300 (GMT+03:00),318736.23752711894
Sun May 25 2025 20:58:00 GMT+0300 (GMT+03:00),295162.10489550926
Sun May 25 2025 20:59:00 GMT+0300 (GMT+03:00),295168.15962698875
Sun May 25 2025 21:00:00 GMT+0300 (GMT+03:00),323096.89923475863
Sun May 25 2025 21:01:00 GMT+0300 (GMT+03:00),323847.54686595645
Sun May 25 2025 21:02:00 GMT+0300 (GMT+03:00),322898.6873389568
Sun May 25 2025 21:03:00 GMT+0300 (GMT+03:00),323797.4184381149
Sun May 25 2025 21:04:00 GMT+0300 (GMT+03:00),324607.305850429
Sun May 25 2025 21:09:00 GMT+0300 (GMT+03:00),54299.091093089744
Sun May 25 2025 21:10:00 GMT+0300 (GMT+03:00),112750.46459854675
Sun May 25 2025 21:11:00 GMT+0300 (GMT+03:00),173498.5983889808
Sun May 25 2025 21:12:00 GMT+0300 (GMT+03:00),221764.20708263616
Sun May 25 2025 21:13:00 GMT+0300 (GMT+03:00),267146.9388701263
Sun May 25 2025 21:14:00 GMT+0300 (GMT+03:00),267868.23782445706
Sun May 25 2025 21:15:00 GMT+0300 (GMT+03:00),267818.5659550746
Sun May 25 2025 21:16:00 GMT+0300 (GMT+03:00),267885.4734459517
Sun May 25 2025 21:17:00 GMT+0300 (GMT+03:00),293078.66670539405
Sun May 25 2025 21:18:00 GMT+0300 (GMT+03:00),320508.63551151444
Sun May 25 2025 21:19:00 GMT+0300 (GMT+03:00),291669.8703277059
Sun May 25 2025 21:20:00 GMT+0300 (GMT+03:00),267733.575358555
Sun May 25 2025 21:21:00 GMT+0300 (GMT+03:00),267962.2218326352
Sun May 25 2025 21:22:00 GMT+0300 (GMT+03:00),267718.8563842111
Sun May 25 2025 21:23:00 GMT+0300 (GMT+03:00),292311.39485067734
Sun May 25 2025 21:24:00 GMT+0300 (GMT+03:00),293826.7567637428
Sun May 25 2025 21:25:00 GMT+0300 (GMT+03:00),293775.60530676163
Sun May 25 2025 21:26:00 GMT+0300 (GMT+03:00),312532.84458173474
Sun May 25 2025 21:27:00 GMT+0300 (GMT+03:00),323321.9656454755
Sun May 25 2025 21:28:00 GMT+0300 (GMT+03:00),323564.49410529976
Sun May 25 2025 21:29:00 GMT+0300 (GMT+03:00),317377.3990724158
Sun May 25 2025 21:30:00 GMT+0300 (GMT+03:00),295141.4475763438
Sun May 25 2025 21:31:00 GMT+0300 (GMT+03:00),320902.501730269
Sun May 25 2025 21:32:00 GMT+0300 (GMT+03:00),294166.34560314514
Sun May 25 2025 21:33:00 GMT+0300 (GMT+03:00),312926.71080048935
Sun May 25 2025 21:34:00 GMT+0300 (GMT+03:00),322076.526036172
Sun May 25 2025 21:35:00 GMT+0300 (GMT+03:00),322010.25047051616
Sun May 25 2025 21:36:00 GMT+0300 (GMT+03:00),295153.4976791903
Sun May 25 2025 21:37:00 GMT+0300 (GMT+03:00),305295.5528121198
Sun May 25 2025 21:38:00 GMT+0300 (GMT+03:00),294136.5072532395
Sun May 25 2025 21:39:00 GMT+0300 (GMT+03:00),294078.42193208984
Sun May 25 2025 21:40:00 GMT+0300 (GMT+03:00),293877.90822072385
Sun May 25 2025 21:41:00 GMT+0300 (GMT+03:00),312926.71080048935
Sun May 25 2025 21:42:00 GMT+0300 (GMT+03:00),294512.6513005349
Sun May 25 2025 21:43:00 GMT+0300 (GMT+03:00),294932.1965840568
Sun May 25 2025 21:44:00 GMT+0300 (GMT+03:00),295131.1189167611
Sun May 25 2025 21:49:00 GMT+0300 (GMT+03:00),49749.2117291251
Sun May 25 2025 21:50:00 GMT+0300 (GMT+03:00),93096.63538709322
Sun May 25 2025 21:51:00 GMT+0300 (GMT+03:00),147383.64897440036
Sun May 25 2025 21:52:00 GMT+0300 (GMT+03:00),198617.6032631732
Sun May 25 2025 21:53:00 GMT+0300 (GMT+03:00),243875.87130448772
Sun May 25 2025 21:54:00 GMT+0300 (GMT+03:00),294129.23893723683
Sun May 25 2025 21:55:00 GMT+0300 (GMT+03:00),324617.51124083326
Sun May 25 2025 21:56:00 GMT+0300 (GMT+03:00),324479.85518891667
Sun May 25 2025 21:57:00 GMT+0300 (GMT+03:00),324002.99739131855
Sun May 25 2025 21:58:00 GMT+0300 (GMT+03:00),323893.7559862157
Sun May 25 2025 21:59:00 GMT+0300 (GMT+03:00),323599.78199620417
Sun May 25 2025 22:00:00 GMT+0300 (GMT+03:00),324587.7102950961
Sun May 25 2025 22:01:00 GMT+0300 (GMT+03:00),324617.1623133236
Sun May 25 2025 22:02:00 GMT+0300 (GMT+03:00),324462.7201714811
Sun May 25 2025 22:03:00 GMT+0300 (GMT+03:00),324331.4546935439
Sun May 25 2025 22:04:00 GMT+0300 (GMT+03:00),324260.7294901762
Sun May 25 2025 22:05:00 GMT+0300 (GMT+03:00),324556.83445812186
Sun May 25 2025 22:06:00 GMT+0300 (GMT+03:00),324632.44848565396
Sun May 25 2025 22:07:00 GMT+0300 (GMT+03:00),324458.74729844235
Sun May 25 2025 22:08:00 GMT+0300 (GMT+03:00),324385.25028103695
Sun May 25 2025 22:09:00 GMT+0300 (GMT+03:00),324216.9562943419
Sun May 25 2025 22:10:00 GMT+0300 (GMT+03:00),324310.3007534062
Sun May 25 2025 22:11:00 GMT+0300 (GMT+03:00),324635.4347886635
Sun May 25 2025 22:12:00 GMT+0300 (GMT+03:00),324567.91922855354
Sun May 25 2025 22:13:00 GMT+0300 (GMT+03:00),324533.4559344125
Sun May 25 2025 22:14:00 GMT+0300 (GMT+03:00),324388.21776624676
Sun May 25 2025 22:15:00 GMT+0300 (GMT+03:00),324401.1804519273
Sun May 25 2025 22:16:00 GMT+0300 (GMT+03:00),324629.8210687267
Sun May 25 2025 22:17:00 GMT+0300 (GMT+03:00),324570.38089242077
Sun May 25 2025 22:18:00 GMT+0300 (GMT+03:00),324305.39001730277
Sun May 25 2025 22:19:00 GMT+0300 (GMT+03:00),324304.07361951284
Sun May 25 2025 22:20:00 GMT+0300 (GMT+03:00),324386.7028961746
Sun May 25 2025 22:21:00 GMT+0300 (GMT+03:00),324623.45346203505
Sun May 25 2025 22:22:00 GMT+0300 (GMT+03:00),324613.3923819688
Sun May 25 2025 22:23:00 GMT+0300 (GMT+03:00),324511.3009596076
Sun May 25 2025 22:24:00 GMT+0300 (GMT+03:00),324596.32816021034
Sun May 25 2025 22:29:00 GMT+0300 (GMT+03:00),49556.01090687611
Sun May 25 2025 22:30:00 GMT+0300 (GMT+03:00),109678.90312034942
Sun May 25 2025 22:31:00 GMT+0300 (GMT+03:00),166373.33277867566
Sun May 25 2025 22:32:00 GMT+0300 (GMT+03:00),231148.57259552757
Sun May 25 2025 22:33:00 GMT+0300 (GMT+03:00),288632.32630731096
Sun May 25 2025 22:34:00 GMT+0300 (GMT+03:00),324596.24710666004
Sun May 25 2025 22:35:00 GMT+0300 (GMT+03:00),324451.942347866
Sun May 25 2025 22:36:00 GMT+0300 (GMT+03:00),323356.2882731098
Sun May 25 2025 22:37:00 GMT+0300 (GMT+03:00),323049.07262248127
Sun May 25 2025 22:38:00 GMT+0300 (GMT+03:00),323347.0409792782
Sun May 25 2025 22:39:00 GMT+0300 (GMT+03:00),324593.1740763764
Sun May 25 2025 22:40:00 GMT+0300 (GMT+03:00),324581.95736574224
Sun May 25 2025 22:41:00 GMT+0300 (GMT+03:00),324382.1156135618
Sun May 25 2025 22:42:00 GMT+0300 (GMT+03:00),323976.0649016215
Sun May 25 2025 22:43:00 GMT+0300 (GMT+03:00),324274.98122835485
Sun May 25 2025 22:44:00 GMT+0300 (GMT+03:00),324539.16597946535
Sun May 25 2025 22:45:00 GMT+0300 (GMT+03:00),324617.1871772199
Sun May 25 2025 22:46:00 GMT+0300 (GMT+03:00),324431.2682599246
Sun May 25 2025 22:47:00 GMT+0300 (GMT+03:00),324257.15538655774
Sun May 25 2025 22:48:00 GMT+0300 (GMT+03:00),324425.41624246247
Sun May 25 2025 22:49:00 GMT+0300 (GMT+03:00),324464.1776798637
Sun May 25 2025 22:50:00 GMT+0300 (GMT+03:00),324634.0715607313
Sun May 25 2025 22:51:00 GMT+0300 (GMT+03:00),324570.38089242077
Sun May 25 2025 22:52:00 GMT+0300 (GMT+03:00),324248.77641944576
Sun May 25 2025 22:53:00 GMT+0300 (GMT+03:00),324284.8278838237
Sun May 25 2025 22:54:00 GMT+0300 (GMT+03:00),324473.69079619297
Sun May 25 2025 22:55:00 GMT+0300 (GMT+03:00),324630.73136142344
Sun May 25 2025 22:56:00 GMT+0300 (GMT+03:00),324539.41157280095
Sun May 25 2025 22:57:00 GMT+0300 (GMT+03:00),324521.14761507645
Sun May 25 2025 22:58:00 GMT+0300 (GMT+03:00),324357.3934534747
Sun May 25 2025 22:59:00 GMT+0300 (GMT+03:00),324375.6856592864
Sun May 25 2025 23:00:00 GMT+0300 (GMT+03:00),324620.5637730373
Sun May 25 2025 23:01:00 GMT+0300 (GMT+03:00),324598.9241114946
Sun May 25 2025 23:02:00 GMT+0300 (GMT+03:00),324457.66259955347
Sun May 25 2025 23:03:00 GMT+0300 (GMT+03:00),324344.2865341549
Sun May 25 2025 23:04:00 GMT+0300 (GMT+03:00),324511.8102693732
Sun May 25 2025 23:09:00 GMT+0300 (GMT+03:00),49894.112345811875
Sun May 25 2025 23:10:00 GMT+0300 (GMT+03:00),90957.46637544123
Sun May 25 2025 23:11:00 GMT+0300 (GMT+03:00),137687.10901892534
Sun May 25 2025 23:12:00 GMT+0300 (GMT+03:00),198154.68624589313
Sun May 25 2025 23:13:00 GMT+0300 (GMT+03:00),243133.23214440758
Sun May 25 2025 23:14:00 GMT+0300 (GMT+03:00),294325.4834693086
Sun May 25 2025 23:15:00 GMT+0300 (GMT+03:00),324615.2700570582
Sun May 25 2025 23:16:00 GMT+0300 (GMT+03:00),324641.41747830325
Sun May 25 2025 23:17:00 GMT+0300 (GMT+03:00),324480.7059944007
Sun May 25 2025 23:18:00 GMT+0300 (GMT+03:00),324195.223319057
Sun May 25 2025 23:19:00 GMT+0300 (GMT+03:00),324034.16628482286
Sun May 25 2025 23:20:00 GMT+0300 (GMT+03:00),324584.22775167384
Sun May 25 2025 23:21:00 GMT+0300 (GMT+03:00),324644.2308084372
Sun May 25 2025 23:22:00 GMT+0300 (GMT+03:00),324583.55412068317
Sun May 25 2025 23:23:00 GMT+0300 (GMT+03:00),324239.99968918914
Sun May 25 2025 23:24:00 GMT+0300 (GMT+03:00),324179.24985574087
Sun May 25 2025 23:25:00 GMT+0300 (GMT+03:00),324501.69530619564
Sun May 25 2025 23:26:00 GMT+0300 (GMT+03:00),324643.79830526875
Sun May 25 2025 23:27:00 GMT+0300 (GMT+03:00),324610.14623181423
Sun May 25 2025 23:28:00 GMT+0300 (GMT+03:00),324454.33102439484
Sun May 25 2025 23:29:00 GMT+0300 (GMT+03:00),324462.1821782571
Sun May 25 2025 23:30:00 GMT+0300 (GMT+03:00),324509.71846140723
Sun May 25 2025 23:31:00 GMT+0300 (GMT+03:00),324642.79450537043
Sun May 25 2025 23:32:00 GMT+0300 (GMT+03:00),324635.5212360323
Sun May 25 2025 23:33:00 GMT+0300 (GMT+03:00),324497.96495535603
Sun May 25 2025 23:34:00 GMT+0300 (GMT+03:00),324392.741905246
Sun May 25 2025 23:35:00 GMT+0300 (GMT+03:00),324372.4631174966
Sun May 25 2025 23:36:00 GMT+0300 (GMT+03:00),324638.593410268
Sun May 25 2025 23:37:00 GMT+0300 (GMT+03:00),324640.75551827176
Sun May 25 2025 23:38:00 GMT+0300 (GMT+03:00),324489.49765106937
Sun May 25 2025 23:39:00 GMT+0300 (GMT+03:00),324496.53097640426
Sun May 25 2025 23:40:00 GMT+0300 (GMT+03:00),324411.84973937203
Sun May 25 2025 23:41:00 GMT+0300 (GMT+03:00),324630.057592232
Sun May 25 2025 23:42:00 GMT+0300 (GMT+03:00),324643.7433502457
Sun May 25 2025 23:43:00 GMT+0300 (GMT+03:00),324618.46920982684
Sun May 25 2025 23:44:00 GMT+0300 (GMT+03:00),324586.5918495951
Sun May 25 2025 23:49:00 GMT+0300 (GMT+03:00),49749.2117291251
Sun May 25 2025 23:50:00 GMT+0300 (GMT+03:00),107573.675590349
Sun May 25 2025 23:51:00 GMT+0300 (GMT+03:00),163637.8812292209
Sun May 25 2025 23:52:00 GMT+0300 (GMT+03:00),221693.90164980254
Sun May 25 2025 23:53:00 GMT+0300 (GMT+03:00),287410.44587867474
Sun May 25 2025 23:54:00 GMT+0300 (GMT+03:00),324616.8930503232
Sun May 25 2025 23:55:00 GMT+0300 (GMT+03:00),324580.3944403552
Sun May 25 2025 23:56:00 GMT+0300 (GMT+03:00),324128.72943389084
Sun May 25 2025 23:57:00 GMT+0300 (GMT+03:00),323484.513608771
Sun May 25 2025 23:58:00 GMT+0300 (GMT+03:00),322576.43315997586
Sun May 25 2025 23:59:00 GMT+0300 (GMT+03:00),324606.3860116174
Mon May 26 2025 00:00:00 GMT+0300 (GMT+03:00),324626.2439436463
Mon May 26 2025 00:01:00 GMT+0300 (GMT+03:00),324449.5355753029
Mon May 26 2025 00:02:00 GMT+0300 (GMT+03:00),324010.2022611738
Mon May 26 2025 00:03:00 GMT+0300 (GMT+03:00),324466.99100999767
Mon May 26 2025 00:04:00 GMT+0300 (GMT+03:00),324596.1038968759
Mon May 26 2025 00:05:00 GMT+0300 (GMT+03:00),324637.83885280055
Mon May 26 2025 00:06:00 GMT+0300 (GMT+03:00),324517.2607773914
Mon May 26 2025 00:07:00 GMT+0300 (GMT+03:00),324339.5999048692
Mon May 26 2025 00:08:00 GMT+0300 (GMT+03:00),324164.2063543301
Mon May 26 2025 00:09:00 GMT+0300 (GMT+03:00),324458.5510195958
Mon May 26 2025 00:10:00 GMT+0300 (GMT+03:00),324640.78792190965
Mon May 26 2025 00:11:00 GMT+0300 (GMT+03:00),324586.4352219895
Mon May 26 2025 00:12:00 GMT+0300 (GMT+03:00),324364.79869378026
Mon May 26 2025 00:13:00 GMT+0300 (GMT+03:00),324412.3981606893
Mon May 26 2025 00:14:00 GMT+0300 (GMT+03:00),324458.3613568901
Mon May 26 2025 00:15:00 GMT+0300 (GMT+03:00),324638.2948813815
Mon May 26 2025 00:16:00 GMT+0300 (GMT+03:00),324589.6665392786
Mon May 26 2025 00:17:00 GMT+0300 (GMT+03:00),324517.630952409
Mon May 26 2025 00:18:00 GMT+0300 (GMT+03:00),324377.955054913
Mon May 26 2025 00:19:00 GMT+0300 (GMT+03:00),324410.21289274865
Mon May 26 2025 00:20:00 GMT+0300 (GMT+03:00),324635.55367909686
Mon May 26 2025 00:21:00 GMT+0300 (GMT+03:00),324615.9048132528
Mon May 26 2025 00:22:00 GMT+0300 (GMT+03:00),324593.9500145537
Mon May 26 2025 00:23:00 GMT+0300 (GMT+03:00),324421.81223784643
Mon May 26 2025 00:24:00 GMT+0300 (GMT+03:00),324456.24920403166
Mon May 26 2025 00:29:00 GMT+0300 (GMT+03:00),37885.36033583523
Mon May 26 2025 00:30:00 GMT+0300 (GMT+03:00),85266.72117613231
Mon May 26 2025 00:31:00 GMT+0300 (GMT+03:00),137513.80737889424
Mon May 26 2025 00:32:00 GMT+0300 (GMT+03:00),183244.42875954974
Mon May 26 2025 00:33:00 GMT+0300 (GMT+03:00),241997.93319853788
Mon May 26 2025 00:34:00 GMT+0300 (GMT+03:00),293903.4839492144
Mon May 26 2025 00:35:00 GMT+0300 (GMT+03:00),324598.5859623862
Mon May 26 2025 00:36:00 GMT+0300 (GMT+03:00),324644.2308084372
Mon May 26 2025 00:37:00 GMT+0300 (GMT+03:00),324639.22403447
Mon May 26 2025 00:38:00 GMT+0300 (GMT+03:00),324441.94625587034
Mon May 26 2025 00:39:00 GMT+0300 (GMT+03:00),323662.74160202465
Mon May 26 2025 00:40:00 GMT+0300 (GMT+03:00),324552.7975790835
Mon May 26 2025 00:41:00 GMT+0300 (GMT+03:00),324644.2308084372
Mon May 26 2025 00:42:00 GMT+0300 (GMT+03:00),324642.94459799863
Mon May 26 2025 00:43:00 GMT+0300 (GMT+03:00),324539.47915451316
Mon May 26 2025 00:44:00 GMT+0300 (GMT+03:00),324383.35837783356
Mon May 26 2025 00:45:00 GMT+0300 (GMT+03:00),324458.2384273587
Mon May 26 2025 00:46:00 GMT+0300 (GMT+03:00),324642.92373027763
Mon May 26 2025 00:47:00 GMT+0300 (GMT+03:00),324644.2308084372
Mon May 26 2025 00:48:00 GMT+0300 (GMT+03:00),324616.1556337533
Mon May 26 2025 00:49:00 GMT+0300 (GMT+03:00),324493.51669411786
Mon May 26 2025 00:50:00 GMT+0300 (GMT+03:00),324360.80680642807
Mon May 26 2025 00:51:00 GMT+0300 (GMT+03:00),324642.2415851102
Mon May 26 2025 00:52:00 GMT+0300 (GMT+03:00),324644.2308084372
Mon May 26 2025 00:53:00 GMT+0300 (GMT+03:00),324628.42068557173
Mon May 26 2025 00:54:00 GMT+0300 (GMT+03:00),324462.68309823005
Mon May 26 2025 00:55:00 GMT+0300 (GMT+03:00),324369.3450099315
Mon May 26 2025 00:56:00 GMT+0300 (GMT+03:00),324634.3635962764
Mon May 26 2025 00:57:00 GMT+0300 (GMT+03:00),324644.2308084372
Mon May 26 2025 00:58:00 GMT+0300 (GMT+03:00),324641.63388831355
Mon May 26 2025 00:59:00 GMT+0300 (GMT+03:00),324564.86970465834
Mon May 26 2025 01:00:00 GMT+0300 (GMT+03:00),324494.9762413302
Mon May 26 2025 01:01:00 GMT+0300 (GMT+03:00),324615.69788633997
Mon May 26 2025 01:02:00 GMT+0300 (GMT+03:00),324644.2308084372
Mon May 26 2025 01:03:00 GMT+0300 (GMT+03:00),324641.01994252345
Mon May 26 2025 01:04:00 GMT+0300 (GMT+03:00),324599.7185302903
Mon May 26 2025 01:09:00 GMT+0300 (GMT+03:00),42651.875738241324
Mon May 26 2025 01:10:00 GMT+0300 (GMT+03:00),102641.60751708425
Mon May 26 2025 01:11:00 GMT+0300 (GMT+03:00),160328.23749894023
Mon May 26 2025 01:12:00 GMT+0300 (GMT+03:00),219557.3488399189
Mon May 26 2025 01:13:00 GMT+0300 (GMT+03:00),287611.8547405379
Mon May 26 2025 01:14:00 GMT+0300 (GMT+03:00),324628.0859933217
Mon May 26 2025 01:15:00 GMT+0300 (GMT+03:00),324611.0398349467
Mon May 26 2025 01:16:00 GMT+0300 (GMT+03:00),324160.84953996574
Mon May 26 2025 01:17:00 GMT+0300 (GMT+03:00),323851.31592068134
Mon May 26 2025 01:18:00 GMT+0300 (GMT+03:00),323610.3319842065
Mon May 26 2025 01:19:00 GMT+0300 (GMT+03:00),324618.87167254294
Mon May 26 2025 01:20:00 GMT+0300 (GMT+03:00),324626.25418414373
Mon May 26 2025 01:21:00 GMT+0300 (GMT+03:00),324306.6311923619
Mon May 26 2025 01:22:00 GMT+0300 (GMT+03:00),324430.06605198944
Mon May 26 2025 01:23:00 GMT+0300 (GMT+03:00),324361.31282031775
Mon May 26 2025 01:24:00 GMT+0300 (GMT+03:00),324591.2515208602
Mon May 26 2025 01:25:00 GMT+0300 (GMT+03:00),324642.1301886039
Mon May 26 2025 01:26:00 GMT+0300 (GMT+03:00),324478.8069965603
Mon May 26 2025 01:27:00 GMT+0300 (GMT+03:00),324188.17518672143
Mon May 26 2025 01:28:00 GMT+0300 (GMT+03:00),324134.5215841666
Mon May 26 2025 01:29:00 GMT+0300 (GMT+03:00),324453.8078844939
Mon May 26 2025 01:30:00 GMT+0300 (GMT+03:00),324642.2288528826
Mon May 26 2025 01:31:00 GMT+0300 (GMT+03:00),324551.1915441645
Mon May 26 2025 01:32:00 GMT+0300 (GMT+03:00),324493.45389657025
Mon May 26 2025 01:33:00 GMT+0300 (GMT+03:00),324468.9387000904
Mon May 26 2025 01:34:00 GMT+0300 (GMT+03:00),324382.9157209943
Mon May 26 2025 01:35:00 GMT+0300 (GMT+03:00),324641.5715466452
Mon May 26 2025 01:36:00 GMT+0300 (GMT+03:00),324609.7675142962
Mon May 26 2025 01:37:00 GMT+0300 (GMT+03:00),324486.4931237418
Mon May 26 2025 01:38:00 GMT+0300 (GMT+03:00),324409.4259472566
Mon May 26 2025 01:39:00 GMT+0300 (GMT+03:00),324439.18868867384
Mon May 26 2025 01:40:00 GMT+0300 (GMT+03:00),324636.5996504489
Mon May 26 2025 01:41:00 GMT+0300 (GMT+03:00),324628.4234685541
Mon May 26 2025 01:42:00 GMT+0300 (GMT+03:00),324558.38817101636
Mon May 26 2025 01:43:00 GMT+0300 (GMT+03:00),324519.25402748625
Mon May 26 2025 01:44:00 GMT+0300 (GMT+03:00),324564.2267327527